"nameEn","nameJa","descriptionEn","descriptionJa","price","duration","image","petSize","locationEn","locationJa"
"Herb Pack [~8kg] Short hair","ハーブパック【～8kg】短毛","The thick, herbal pack gently washes away sebum and dirt, repairing the coat. It
moisturizes and adds shine to the skin and coat.","ハーブパックのとろみが皮脂汚れを優しく洗い流し、被毛を補修。
皮膚や被毛に潤いとツヤを与えます。","2200","20 minutes","https://res.cloudinary.com/dcrsau6jm/image/upload/v1780070736/option_pic03_uktxei.jpg","Small","PET-SPA Takanawa Store

3-13-1 Takanawa, Minato-ku, Tokyo 108-0074, Japan (Located inside the Grand Prince Hotel Shin Takanawa, along Zakurozaka Street)

PET-SPA Kotobu Suna Store [NEW OPEN! June 3, 2026]

1F, Comforia Liv Minamisunamachi East, 7-1-2 Kitasuna, Koto-ku, Tokyo 136-0073

PET-SPA Platinum Street Store

〒108-0071 5-15-1 Shirokanedai, Minato-ku, Tokyo, Forma Shirokane 2F, inside Shirokanedai Hannari

PET-SPA Komazawa Park Store

4-11-1 Yakumo, Meguro-ku, Tokyo 152-0023

PET-SPA Bajikoen Store

1F, Grand Clair Bajikoen, 1-22-23 Kamiyoga, Setagaya-ku, Tokyo 158-0098, Japan

4 & 2 Kyodo Store

3-1-20 Miyasaka, Setagaya-ku, Tokyo 156-0051

4&2 Umegaoka Store

1-43-37 Umegaoka, Setagaya-ku, Tokyo 154-0022

PET-SPA CARE+CURE Shakujii Park

1-28-7 Shakujii-cho, Nerima-ku, Tokyo 177-0041

PET-SPA Orinas Kinshicho Store

1F Orinas Kinshicho, 4-1-2 Taihei, Sumida-ku, Tokyo 130-0012

PET-SPA Chofu Sengawa Store

3-4-1 Sengawa-cho, Chofu City, Tokyo 182-0002 (Located next to Inageya Chofu Sengawa store)

PET-SPA CARE+CURE Hibarigaoka

3-9-19 Sumiyoshi-cho, Nishitokyo-shi, Tokyo 202-0005　

PET-SPA Machida Store

6-28-1 Morino, Machida City, Tokyo 194-0022","PET-SPA 高輪店

〒108-0074 東京都港区高輪3-13-1 グランドプリンスホテル新高輪内（※ざくろ坂沿い）

PET-SPA 江東北砂店【2026年6月3日 NEW OPEN！】

〒136-0073 東京都江東区北砂7-1-2 コンフォリア・リヴ南砂町イースト 1階

PET-SPA 白金プラチナ通り店

〒108-0071 東京都港区白金台5-15-1 フォルマ白金2F 白金台Hannari 内

PET-SPA 駒沢公園店

〒152-0023 東京都目黒区八雲4-11-1

4 & 2 経堂店

〒156-0051 東京都世田谷区宮坂3-1-20

４＆２梅ヶ丘店

〒154-0022 東京都世田谷区梅丘1-43-37

PET-SPA CARE+CURE 石神井公園

〒177-0041 東京都練馬区石神井町1-28-7

PET-SPA オリナス錦糸町店

〒130-0012 東京都墨田区太平4-1-2 オリナス錦糸町1F

PET-SPA 調布仙川店

〒182-0002 東京都調布市仙川町3-4-1 （いなげや調布仙川店 併設）

PET-SPA CARE+CURE ひばりヶ丘

〒202-0005 東京都西東京市住吉町3-9-19　

PET-SPA 町田店

〒194-0022 東京都町田市森野6-28-1"
"Herb Pack [~20kg] Short hair","ハーブパック【～20kg】短毛","The thick, herbal pack gently washes away sebum and dirt, repairing the coat. It
moisturizes and adds shine to the skin and coat.","ハーブパックのとろみが皮脂汚れを優しく洗い流し、被毛を補修。
皮膚や被毛に潤いとツヤを与えます。","3300","20 minutes","https://res.cloudinary.com/dcrsau6jm/image/upload/v1780070736/option_pic03_uktxei.jpg","Medium","PET-SPA Takanawa Store

3-13-1 Takanawa, Minato-ku, Tokyo 108-0074, Japan (Located inside the Grand Prince Hotel Shin Takanawa, along Zakurozaka Street)

PET-SPA Kotobu Suna Store [NEW OPEN! June 3, 2026]

1F, Comforia Liv Minamisunamachi East, 7-1-2 Kitasuna, Koto-ku, Tokyo 136-0073

PET-SPA Platinum Street Store

〒108-0071 5-15-1 Shirokanedai, Minato-ku, Tokyo, Forma Shirokane 2F, inside Shirokanedai Hannari

PET-SPA Komazawa Park Store

4-11-1 Yakumo, Meguro-ku, Tokyo 152-0023

PET-SPA Bajikoen Store

1F, Grand Clair Bajikoen, 1-22-23 Kamiyoga, Setagaya-ku, Tokyo 158-0098, Japan

4 & 2 Kyodo Store

3-1-20 Miyasaka, Setagaya-ku, Tokyo 156-0051

4&2 Umegaoka Store

1-43-37 Umegaoka, Setagaya-ku, Tokyo 154-0022

PET-SPA CARE+CURE Shakujii Park

1-28-7 Shakujii-cho, Nerima-ku, Tokyo 177-0041

PET-SPA Orinas Kinshicho Store

1F Orinas Kinshicho, 4-1-2 Taihei, Sumida-ku, Tokyo 130-0012

PET-SPA Chofu Sengawa Store

3-4-1 Sengawa-cho, Chofu City, Tokyo 182-0002 (Located next to Inageya Chofu Sengawa store)

PET-SPA CARE+CURE Hibarigaoka

3-9-19 Sumiyoshi-cho, Nishitokyo-shi, Tokyo 202-0005　

PET-SPA Machida Store

6-28-1 Morino, Machida City, Tokyo 194-0022","PET-SPA 高輪店

〒108-0074 東京都港区高輪3-13-1 グランドプリンスホテル新高輪内（※ざくろ坂沿い）

PET-SPA 江東北砂店【2026年6月3日 NEW OPEN！】

〒136-0073 東京都江東区北砂7-1-2 コンフォリア・リヴ南砂町イースト 1階

PET-SPA 白金プラチナ通り店

〒108-0071 東京都港区白金台5-15-1 フォルマ白金2F 白金台Hannari 内

PET-SPA 駒沢公園店

〒152-0023 東京都目黒区八雲4-11-1

4 & 2 経堂店

〒156-0051 東京都世田谷区宮坂3-1-20

４＆２梅ヶ丘店

〒154-0022 東京都世田谷区梅丘1-43-37

PET-SPA CARE+CURE 石神井公園

〒177-0041 東京都練馬区石神井町1-28-7

PET-SPA オリナス錦糸町店

〒130-0012 東京都墨田区太平4-1-2 オリナス錦糸町1F

PET-SPA 調布仙川店

〒182-0002 東京都調布市仙川町3-4-1 （いなげや調布仙川店 併設）

PET-SPA CARE+CURE ひばりヶ丘

〒202-0005 東京都西東京市住吉町3-9-19　

PET-SPA 町田店

〒194-0022 東京都町田市森野6-28-1"
"Herb Pack [20kg ~] Short hair","ハーブパック【20kg～】短毛","The thick, herbal pack gently washes away sebum and dirt, repairing the coat. It
moisturizes and adds shine to the skin and coat.","ハーブパックのとろみが皮脂汚れを優しく洗い流し、被毛を補修。
皮膚や被毛に潤いとツヤを与えます。","4400","20 minutes","https://res.cloudinary.com/dcrsau6jm/image/upload/v1780070736/option_pic03_uktxei.jpg","Large","PET-SPA Takanawa Store

3-13-1 Takanawa, Minato-ku, Tokyo 108-0074, Japan (Located inside the Grand Prince Hotel Shin Takanawa, along Zakurozaka Street)

PET-SPA Kotobu Suna Store [NEW OPEN! June 3, 2026]

1F, Comforia Liv Minamisunamachi East, 7-1-2 Kitasuna, Koto-ku, Tokyo 136-0073

PET-SPA Platinum Street Store

〒108-0071 5-15-1 Shirokanedai, Minato-ku, Tokyo, Forma Shirokane 2F, inside Shirokanedai Hannari

PET-SPA Komazawa Park Store

4-11-1 Yakumo, Meguro-ku, Tokyo 152-0023

PET-SPA Bajikoen Store

1F, Grand Clair Bajikoen, 1-22-23 Kamiyoga, Setagaya-ku, Tokyo 158-0098, Japan

4 & 2 Kyodo Store

3-1-20 Miyasaka, Setagaya-ku, Tokyo 156-0051

4&2 Umegaoka Store

1-43-37 Umegaoka, Setagaya-ku, Tokyo 154-0022

PET-SPA CARE+CURE Shakujii Park

1-28-7 Shakujii-cho, Nerima-ku, Tokyo 177-0041

PET-SPA Orinas Kinshicho Store

1F Orinas Kinshicho, 4-1-2 Taihei, Sumida-ku, Tokyo 130-0012

PET-SPA Chofu Sengawa Store

3-4-1 Sengawa-cho, Chofu City, Tokyo 182-0002 (Located next to Inageya Chofu Sengawa store)

PET-SPA CARE+CURE Hibarigaoka

3-9-19 Sumiyoshi-cho, Nishitokyo-shi, Tokyo 202-0005　

PET-SPA Machida Store

6-28-1 Morino, Machida City, Tokyo 194-0022","PET-SPA 高輪店

〒108-0074 東京都港区高輪3-13-1 グランドプリンスホテル新高輪内（※ざくろ坂沿い）

PET-SPA 江東北砂店【2026年6月3日 NEW OPEN！】

〒136-0073 東京都江東区北砂7-1-2 コンフォリア・リヴ南砂町イースト 1階

PET-SPA 白金プラチナ通り店

〒108-0071 東京都港区白金台5-15-1 フォルマ白金2F 白金台Hannari 内

PET-SPA 駒沢公園店

〒152-0023 東京都目黒区八雲4-11-1

4 & 2 経堂店

〒156-0051 東京都世田谷区宮坂3-1-20

４＆２梅ヶ丘店

〒154-0022 東京都世田谷区梅丘1-43-37

PET-SPA CARE+CURE 石神井公園

〒177-0041 東京都練馬区石神井町1-28-7

PET-SPA オリナス錦糸町店

〒130-0012 東京都墨田区太平4-1-2 オリナス錦糸町1F

PET-SPA 調布仙川店

〒182-0002 東京都調布市仙川町3-4-1 （いなげや調布仙川店 併設）

PET-SPA CARE+CURE ひばりヶ丘

〒202-0005 東京都西東京市住吉町3-9-19　

PET-SPA 町田店

〒194-0022 東京都町田市森野6-28-1"
"Herb Pack [~8kg] Medium long hair","ハーブパック 【～8kg】中長毛","The thick, herbal pack gently washes away sebum and dirt, repairing the coat. It
moisturizes and adds shine to the skin and coat.","ハーブパックのとろみが皮脂汚れを優しく洗い流し、被毛を補修。
皮膚や被毛に潤いとツヤを与えます。","3300","20 minutes","https://res.cloudinary.com/dcrsau6jm/image/upload/v1780070736/option_pic03_uktxei.jpg","Small","PET-SPA Takanawa Store

3-13-1 Takanawa, Minato-ku, Tokyo 108-0074, Japan (Located inside the Grand Prince Hotel Shin Takanawa, along Zakurozaka Street)

PET-SPA Kotobu Suna Store [NEW OPEN! June 3, 2026]

1F, Comforia Liv Minamisunamachi East, 7-1-2 Kitasuna, Koto-ku, Tokyo 136-0073

PET-SPA Platinum Street Store

〒108-0071 5-15-1 Shirokanedai, Minato-ku, Tokyo, Forma Shirokane 2F, inside Shirokanedai Hannari

PET-SPA Komazawa Park Store

4-11-1 Yakumo, Meguro-ku, Tokyo 152-0023

PET-SPA Bajikoen Store

1F, Grand Clair Bajikoen, 1-22-23 Kamiyoga, Setagaya-ku, Tokyo 158-0098, Japan

4 & 2 Kyodo Store

3-1-20 Miyasaka, Setagaya-ku, Tokyo 156-0051

4&2 Umegaoka Store

1-43-37 Umegaoka, Setagaya-ku, Tokyo 154-0022

PET-SPA CARE+CURE Shakujii Park

1-28-7 Shakujii-cho, Nerima-ku, Tokyo 177-0041

PET-SPA Orinas Kinshicho Store

1F Orinas Kinshicho, 4-1-2 Taihei, Sumida-ku, Tokyo 130-0012

PET-SPA Chofu Sengawa Store

3-4-1 Sengawa-cho, Chofu City, Tokyo 182-0002 (Located next to Inageya Chofu Sengawa store)

PET-SPA CARE+CURE Hibarigaoka

3-9-19 Sumiyoshi-cho, Nishitokyo-shi, Tokyo 202-0005　

PET-SPA Machida Store

6-28-1 Morino, Machida City, Tokyo 194-0022","PET-SPA 高輪店

〒108-0074 東京都港区高輪3-13-1 グランドプリンスホテル新高輪内（※ざくろ坂沿い）

PET-SPA 江東北砂店【2026年6月3日 NEW OPEN！】

〒136-0073 東京都江東区北砂7-1-2 コンフォリア・リヴ南砂町イースト 1階

PET-SPA 白金プラチナ通り店

〒108-0071 東京都港区白金台5-15-1 フォルマ白金2F 白金台Hannari 内

PET-SPA 駒沢公園店

〒152-0023 東京都目黒区八雲4-11-1

4 & 2 経堂店

〒156-0051 東京都世田谷区宮坂3-1-20

４＆２梅ヶ丘店

〒154-0022 東京都世田谷区梅丘1-43-37

PET-SPA CARE+CURE 石神井公園

〒177-0041 東京都練馬区石神井町1-28-7

PET-SPA オリナス錦糸町店

〒130-0012 東京都墨田区太平4-1-2 オリナス錦糸町1F

PET-SPA 調布仙川店

〒182-0002 東京都調布市仙川町3-4-1 （いなげや調布仙川店 併設）

PET-SPA CARE+CURE ひばりヶ丘

〒202-0005 東京都西東京市住吉町3-9-19　

PET-SPA 町田店

〒194-0022 東京都町田市森野6-28-1"
"Herb Pack [~20kg] Medium long hair","ハーブパック 【～20kg】中長毛","The thick, herbal pack gently washes away sebum and dirt, repairing the coat. It
moisturizes and adds shine to the skin and coat.","ハーブパックのとろみが皮脂汚れを優しく洗い流し、被毛を補修。
皮膚や被毛に潤いとツヤを与えます。","4400","20 minutes","https://res.cloudinary.com/dcrsau6jm/image/upload/v1780070736/option_pic03_uktxei.jpg","Medium","PET-SPA Takanawa Store

3-13-1 Takanawa, Minato-ku, Tokyo 108-0074, Japan (Located inside the Grand Prince Hotel Shin Takanawa, along Zakurozaka Street)

PET-SPA Kotobu Suna Store [NEW OPEN! June 3, 2026]

1F, Comforia Liv Minamisunamachi East, 7-1-2 Kitasuna, Koto-ku, Tokyo 136-0073

PET-SPA Platinum Street Store

〒108-0071 5-15-1 Shirokanedai, Minato-ku, Tokyo, Forma Shirokane 2F, inside Shirokanedai Hannari

PET-SPA Komazawa Park Store

4-11-1 Yakumo, Meguro-ku, Tokyo 152-0023

PET-SPA Bajikoen Store

1F, Grand Clair Bajikoen, 1-22-23 Kamiyoga, Setagaya-ku, Tokyo 158-0098, Japan

4 & 2 Kyodo Store

3-1-20 Miyasaka, Setagaya-ku, Tokyo 156-0051

4&2 Umegaoka Store

1-43-37 Umegaoka, Setagaya-ku, Tokyo 154-0022

PET-SPA CARE+CURE Shakujii Park

1-28-7 Shakujii-cho, Nerima-ku, Tokyo 177-0041

PET-SPA Orinas Kinshicho Store

1F Orinas Kinshicho, 4-1-2 Taihei, Sumida-ku, Tokyo 130-0012

PET-SPA Chofu Sengawa Store

3-4-1 Sengawa-cho, Chofu City, Tokyo 182-0002 (Located next to Inageya Chofu Sengawa store)

PET-SPA CARE+CURE Hibarigaoka

3-9-19 Sumiyoshi-cho, Nishitokyo-shi, Tokyo 202-0005　

PET-SPA Machida Store

6-28-1 Morino, Machida City, Tokyo 194-0022","PET-SPA 高輪店

〒108-0074 東京都港区高輪3-13-1 グランドプリンスホテル新高輪内（※ざくろ坂沿い）

PET-SPA 江東北砂店【2026年6月3日 NEW OPEN！】

〒136-0073 東京都江東区北砂7-1-2 コンフォリア・リヴ南砂町イースト 1階

PET-SPA 白金プラチナ通り店

〒108-0071 東京都港区白金台5-15-1 フォルマ白金2F 白金台Hannari 内

PET-SPA 駒沢公園店

〒152-0023 東京都目黒区八雲4-11-1

4 & 2 経堂店

〒156-0051 東京都世田谷区宮坂3-1-20

４＆２梅ヶ丘店

〒154-0022 東京都世田谷区梅丘1-43-37

PET-SPA CARE+CURE 石神井公園

〒177-0041 東京都練馬区石神井町1-28-7

PET-SPA オリナス錦糸町店

〒130-0012 東京都墨田区太平4-1-2 オリナス錦糸町1F

PET-SPA 調布仙川店

〒182-0002 東京都調布市仙川町3-4-1 （いなげや調布仙川店 併設）

PET-SPA CARE+CURE ひばりヶ丘

〒202-0005 東京都西東京市住吉町3-9-19　

PET-SPA 町田店

〒194-0022 東京都町田市森野6-28-1"
"Herb Pack [20kg~] Medium long hair","ハーブパック 【20kg～】中長毛","The thick, herbal pack gently washes away sebum and dirt, repairing the coat. It
moisturizes and adds shine to the skin and coat.","ハーブパックのとろみが皮脂汚れを優しく洗い流し、被毛を補修。
皮膚や被毛に潤いとツヤを与えます。","3300","20 minutes","https://res.cloudinary.com/dcrsau6jm/image/upload/v1780070736/option_pic03_uktxei.jpg","Large","PET-SPA Takanawa Store

3-13-1 Takanawa, Minato-ku, Tokyo 108-0074, Japan (Located inside the Grand Prince Hotel Shin Takanawa, along Zakurozaka Street)

PET-SPA Kotobu Suna Store [NEW OPEN! June 3, 2026]

1F, Comforia Liv Minamisunamachi East, 7-1-2 Kitasuna, Koto-ku, Tokyo 136-0073

PET-SPA Platinum Street Store

〒108-0071 5-15-1 Shirokanedai, Minato-ku, Tokyo, Forma Shirokane 2F, inside Shirokanedai Hannari

PET-SPA Komazawa Park Store

4-11-1 Yakumo, Meguro-ku, Tokyo 152-0023

PET-SPA Bajikoen Store

1F, Grand Clair Bajikoen, 1-22-23 Kamiyoga, Setagaya-ku, Tokyo 158-0098, Japan

4 & 2 Kyodo Store

3-1-20 Miyasaka, Setagaya-ku, Tokyo 156-0051

4&2 Umegaoka Store

1-43-37 Umegaoka, Setagaya-ku, Tokyo 154-0022

PET-SPA CARE+CURE Shakujii Park

1-28-7 Shakujii-cho, Nerima-ku, Tokyo 177-0041

PET-SPA Orinas Kinshicho Store

1F Orinas Kinshicho, 4-1-2 Taihei, Sumida-ku, Tokyo 130-0012

PET-SPA Chofu Sengawa Store

3-4-1 Sengawa-cho, Chofu City, Tokyo 182-0002 (Located next to Inageya Chofu Sengawa store)

PET-SPA CARE+CURE Hibarigaoka

3-9-19 Sumiyoshi-cho, Nishitokyo-shi, Tokyo 202-0005　

PET-SPA Machida Store

6-28-1 Morino, Machida City, Tokyo 194-0022","PET-SPA 高輪店

〒108-0074 東京都港区高輪3-13-1 グランドプリンスホテル新高輪内（※ざくろ坂沿い）

PET-SPA 江東北砂店【2026年6月3日 NEW OPEN！】

〒136-0073 東京都江東区北砂7-1-2 コンフォリア・リヴ南砂町イースト 1階

PET-SPA 白金プラチナ通り店

〒108-0071 東京都港区白金台5-15-1 フォルマ白金2F 白金台Hannari 内

PET-SPA 駒沢公園店

〒152-0023 東京都目黒区八雲4-11-1

4 & 2 経堂店

〒156-0051 東京都世田谷区宮坂3-1-20

４＆２梅ヶ丘店

〒154-0022 東京都世田谷区梅丘1-43-37

PET-SPA CARE+CURE 石神井公園

〒177-0041 東京都練馬区石神井町1-28-7

PET-SPA オリナス錦糸町店

〒130-0012 東京都墨田区太平4-1-2 オリナス錦糸町1F

PET-SPA 調布仙川店

〒182-0002 東京都調布市仙川町3-4-1 （いなげや調布仙川店 併設）

PET-SPA CARE+CURE ひばりヶ丘

〒202-0005 東京都西東京市住吉町3-9-19　

PET-SPA 町田店

〒194-0022 東京都町田市森野6-28-1"
"Silk Pack [~8kg] Short hair","シルクパック【～8kg】短毛","This foam pack, containing 70% silk, adds shine to your dog's coat and enhances their natural color,
leaving it soft and fluffy.","シルク成分を70%含む泡パックが、被毛に艶を与え、愛犬本来の色を引き立てます。
柔らかでふわふわな仕上がりに","1100","15 minutes","https://res.cloudinary.com/dcrsau6jm/image/upload/v1780070780/option_pic04_e8kdwf.jpg","Small","PET-SPA Takanawa Store

3-13-1 Takanawa, Minato-ku, Tokyo 108-0074, Japan (Located inside the Grand Prince Hotel Shin Takanawa, along Zakurozaka Street)

PET-SPA Kotobu Suna Store [NEW OPEN! June 3, 2026]

1F, Comforia Liv Minamisunamachi East, 7-1-2 Kitasuna, Koto-ku, Tokyo 136-0073

PET-SPA Platinum Street Store

〒108-0071 5-15-1 Shirokanedai, Minato-ku, Tokyo, Forma Shirokane 2F, inside Shirokanedai Hannari

PET-SPA Komazawa Park Store

4-11-1 Yakumo, Meguro-ku, Tokyo 152-0023

PET-SPA Bajikoen Store

1F, Grand Clair Bajikoen, 1-22-23 Kamiyoga, Setagaya-ku, Tokyo 158-0098, Japan

4 & 2 Kyodo Store

3-1-20 Miyasaka, Setagaya-ku, Tokyo 156-0051

4&2 Umegaoka Store

1-43-37 Umegaoka, Setagaya-ku, Tokyo 154-0022

PET-SPA CARE+CURE Shakujii Park

1-28-7 Shakujii-cho, Nerima-ku, Tokyo 177-0041

PET-SPA Orinas Kinshicho Store

1F Orinas Kinshicho, 4-1-2 Taihei, Sumida-ku, Tokyo 130-0012

PET-SPA Chofu Sengawa Store

3-4-1 Sengawa-cho, Chofu City, Tokyo 182-0002 (Located next to Inageya Chofu Sengawa store)

PET-SPA CARE+CURE Hibarigaoka

3-9-19 Sumiyoshi-cho, Nishitokyo-shi, Tokyo 202-0005　

PET-SPA Machida Store

6-28-1 Morino, Machida City, Tokyo 194-0022","PET-SPA 高輪店

〒108-0074 東京都港区高輪3-13-1 グランドプリンスホテル新高輪内（※ざくろ坂沿い）

PET-SPA 江東北砂店【2026年6月3日 NEW OPEN！】

〒136-0073 東京都江東区北砂7-1-2 コンフォリア・リヴ南砂町イースト 1階

PET-SPA 白金プラチナ通り店

〒108-0071 東京都港区白金台5-15-1 フォルマ白金2F 白金台Hannari 内

PET-SPA 駒沢公園店

〒152-0023 東京都目黒区八雲4-11-1

4 & 2 経堂店

〒156-0051 東京都世田谷区宮坂3-1-20

４＆２梅ヶ丘店

〒154-0022 東京都世田谷区梅丘1-43-37

PET-SPA CARE+CURE 石神井公園

〒177-0041 東京都練馬区石神井町1-28-7

PET-SPA オリナス錦糸町店

〒130-0012 東京都墨田区太平4-1-2 オリナス錦糸町1F

PET-SPA 調布仙川店

〒182-0002 東京都調布市仙川町3-4-1 （いなげや調布仙川店 併設）

PET-SPA CARE+CURE ひばりヶ丘

〒202-0005 東京都西東京市住吉町3-9-19　

PET-SPA 町田店

〒194-0022 東京都町田市森野6-28-1"
"Silk Pack [~20kg] Short hair","シルクパック【～20kg】短毛","This foam pack, containing 70% silk, adds shine to your dog's coat and enhances their natural color,
leaving it soft and fluffy.","シルク成分を70%含む泡パックが、被毛に艶を与え、愛犬本来の色を引き立てます。
柔らかでふわふわな仕上がりに","1650","15 minutes","https://res.cloudinary.com/dcrsau6jm/image/upload/v1780070780/option_pic04_e8kdwf.jpg","Medium","PET-SPA Takanawa Store

3-13-1 Takanawa, Minato-ku, Tokyo 108-0074, Japan (Located inside the Grand Prince Hotel Shin Takanawa, along Zakurozaka Street)

PET-SPA Kotobu Suna Store [NEW OPEN! June 3, 2026]

1F, Comforia Liv Minamisunamachi East, 7-1-2 Kitasuna, Koto-ku, Tokyo 136-0073

PET-SPA Platinum Street Store

〒108-0071 5-15-1 Shirokanedai, Minato-ku, Tokyo, Forma Shirokane 2F, inside Shirokanedai Hannari

PET-SPA Komazawa Park Store

4-11-1 Yakumo, Meguro-ku, Tokyo 152-0023

PET-SPA Bajikoen Store

1F, Grand Clair Bajikoen, 1-22-23 Kamiyoga, Setagaya-ku, Tokyo 158-0098, Japan

4 & 2 Kyodo Store

3-1-20 Miyasaka, Setagaya-ku, Tokyo 156-0051

4&2 Umegaoka Store

1-43-37 Umegaoka, Setagaya-ku, Tokyo 154-0022

PET-SPA CARE+CURE Shakujii Park

1-28-7 Shakujii-cho, Nerima-ku, Tokyo 177-0041

PET-SPA Orinas Kinshicho Store

1F Orinas Kinshicho, 4-1-2 Taihei, Sumida-ku, Tokyo 130-0012

PET-SPA Chofu Sengawa Store

3-4-1 Sengawa-cho, Chofu City, Tokyo 182-0002 (Located next to Inageya Chofu Sengawa store)

PET-SPA CARE+CURE Hibarigaoka

3-9-19 Sumiyoshi-cho, Nishitokyo-shi, Tokyo 202-0005　

PET-SPA Machida Store

6-28-1 Morino, Machida City, Tokyo 194-0022","PET-SPA 高輪店

〒108-0074 東京都港区高輪3-13-1 グランドプリンスホテル新高輪内（※ざくろ坂沿い）

PET-SPA 江東北砂店【2026年6月3日 NEW OPEN！】

〒136-0073 東京都江東区北砂7-1-2 コンフォリア・リヴ南砂町イースト 1階

PET-SPA 白金プラチナ通り店

〒108-0071 東京都港区白金台5-15-1 フォルマ白金2F 白金台Hannari 内

PET-SPA 駒沢公園店

〒152-0023 東京都目黒区八雲4-11-1

4 & 2 経堂店

〒156-0051 東京都世田谷区宮坂3-1-20

４＆２梅ヶ丘店

〒154-0022 東京都世田谷区梅丘1-43-37

PET-SPA CARE+CURE 石神井公園

〒177-0041 東京都練馬区石神井町1-28-7

PET-SPA オリナス錦糸町店

〒130-0012 東京都墨田区太平4-1-2 オリナス錦糸町1F

PET-SPA 調布仙川店

〒182-0002 東京都調布市仙川町3-4-1 （いなげや調布仙川店 併設）

PET-SPA CARE+CURE ひばりヶ丘

〒202-0005 東京都西東京市住吉町3-9-19　

PET-SPA 町田店

〒194-0022 東京都町田市森野6-28-1"
"Silk Pack [20kg ~] Short hair","シルクパック【20kg～】短毛","This foam pack, containing 70% silk, adds shine to your dog's coat and enhances their natural color,
leaving it soft and fluffy.","シルク成分を70%含む泡パックが、被毛に艶を与え、愛犬本来の色を引き立てます。
柔らかでふわふわな仕上がりに","2200","15 minutes","https://res.cloudinary.com/dcrsau6jm/image/upload/v1780070780/option_pic04_e8kdwf.jpg","Large","PET-SPA Takanawa Store

3-13-1 Takanawa, Minato-ku, Tokyo 108-0074, Japan (Located inside the Grand Prince Hotel Shin Takanawa, along Zakurozaka Street)

PET-SPA Kotobu Suna Store [NEW OPEN! June 3, 2026]

1F, Comforia Liv Minamisunamachi East, 7-1-2 Kitasuna, Koto-ku, Tokyo 136-0073

PET-SPA Platinum Street Store

〒108-0071 5-15-1 Shirokanedai, Minato-ku, Tokyo, Forma Shirokane 2F, inside Shirokanedai Hannari

PET-SPA Komazawa Park Store

4-11-1 Yakumo, Meguro-ku, Tokyo 152-0023

PET-SPA Bajikoen Store

1F, Grand Clair Bajikoen, 1-22-23 Kamiyoga, Setagaya-ku, Tokyo 158-0098, Japan

4 & 2 Kyodo Store

3-1-20 Miyasaka, Setagaya-ku, Tokyo 156-0051

4&2 Umegaoka Store

1-43-37 Umegaoka, Setagaya-ku, Tokyo 154-0022

PET-SPA CARE+CURE Shakujii Park

1-28-7 Shakujii-cho, Nerima-ku, Tokyo 177-0041

PET-SPA Orinas Kinshicho Store

1F Orinas Kinshicho, 4-1-2 Taihei, Sumida-ku, Tokyo 130-0012

PET-SPA Chofu Sengawa Store

3-4-1 Sengawa-cho, Chofu City, Tokyo 182-0002 (Located next to Inageya Chofu Sengawa store)

PET-SPA CARE+CURE Hibarigaoka

3-9-19 Sumiyoshi-cho, Nishitokyo-shi, Tokyo 202-0005　

PET-SPA Machida Store

6-28-1 Morino, Machida City, Tokyo 194-0022","PET-SPA 高輪店

〒108-0074 東京都港区高輪3-13-1 グランドプリンスホテル新高輪内（※ざくろ坂沿い）

PET-SPA 江東北砂店【2026年6月3日 NEW OPEN！】

〒136-0073 東京都江東区北砂7-1-2 コンフォリア・リヴ南砂町イースト 1階

PET-SPA 白金プラチナ通り店

〒108-0071 東京都港区白金台5-15-1 フォルマ白金2F 白金台Hannari 内

PET-SPA 駒沢公園店

〒152-0023 東京都目黒区八雲4-11-1

4 & 2 経堂店

〒156-0051 東京都世田谷区宮坂3-1-20

４＆２梅ヶ丘店

〒154-0022 東京都世田谷区梅丘1-43-37

PET-SPA CARE+CURE 石神井公園

〒177-0041 東京都練馬区石神井町1-28-7

PET-SPA オリナス錦糸町店

〒130-0012 東京都墨田区太平4-1-2 オリナス錦糸町1F

PET-SPA 調布仙川店

〒182-0002 東京都調布市仙川町3-4-1 （いなげや調布仙川店 併設）

PET-SPA CARE+CURE ひばりヶ丘

〒202-0005 東京都西東京市住吉町3-9-19　

PET-SPA 町田店

〒194-0022 東京都町田市森野6-28-1"
"Silk Pack [~8kg] Medium long hair","シルクパック 【～8kg】中長毛","This foam pack, containing 70% silk, adds shine to your dog's coat and enhances their natural color,
leaving it soft and fluffy.","シルク成分を70%含む泡パックが、被毛に艶を与え、愛犬本来の色を引き立てます。
柔らかでふわふわな仕上がりに","2200","15 minutes","https://res.cloudinary.com/dcrsau6jm/image/upload/v1780070780/option_pic04_e8kdwf.jpg","Small","PET-SPA Takanawa Store

3-13-1 Takanawa, Minato-ku, Tokyo 108-0074, Japan (Located inside the Grand Prince Hotel Shin Takanawa, along Zakurozaka Street)

PET-SPA Kotobu Suna Store [NEW OPEN! June 3, 2026]

1F, Comforia Liv Minamisunamachi East, 7-1-2 Kitasuna, Koto-ku, Tokyo 136-0073

PET-SPA Platinum Street Store

〒108-0071 5-15-1 Shirokanedai, Minato-ku, Tokyo, Forma Shirokane 2F, inside Shirokanedai Hannari

PET-SPA Komazawa Park Store

4-11-1 Yakumo, Meguro-ku, Tokyo 152-0023

PET-SPA Bajikoen Store

1F, Grand Clair Bajikoen, 1-22-23 Kamiyoga, Setagaya-ku, Tokyo 158-0098, Japan

4 & 2 Kyodo Store

3-1-20 Miyasaka, Setagaya-ku, Tokyo 156-0051

4&2 Umegaoka Store

1-43-37 Umegaoka, Setagaya-ku, Tokyo 154-0022

PET-SPA CARE+CURE Shakujii Park

1-28-7 Shakujii-cho, Nerima-ku, Tokyo 177-0041

PET-SPA Orinas Kinshicho Store

1F Orinas Kinshicho, 4-1-2 Taihei, Sumida-ku, Tokyo 130-0012

PET-SPA Chofu Sengawa Store

3-4-1 Sengawa-cho, Chofu City, Tokyo 182-0002 (Located next to Inageya Chofu Sengawa store)

PET-SPA CARE+CURE Hibarigaoka

3-9-19 Sumiyoshi-cho, Nishitokyo-shi, Tokyo 202-0005　

PET-SPA Machida Store

6-28-1 Morino, Machida City, Tokyo 194-0022","PET-SPA 高輪店

〒108-0074 東京都港区高輪3-13-1 グランドプリンスホテル新高輪内（※ざくろ坂沿い）

PET-SPA 江東北砂店【2026年6月3日 NEW OPEN！】

〒136-0073 東京都江東区北砂7-1-2 コンフォリア・リヴ南砂町イースト 1階

PET-SPA 白金プラチナ通り店

〒108-0071 東京都港区白金台5-15-1 フォルマ白金2F 白金台Hannari 内

PET-SPA 駒沢公園店

〒152-0023 東京都目黒区八雲4-11-1

4 & 2 経堂店

〒156-0051 東京都世田谷区宮坂3-1-20

４＆２梅ヶ丘店

〒154-0022 東京都世田谷区梅丘1-43-37

PET-SPA CARE+CURE 石神井公園

〒177-0041 東京都練馬区石神井町1-28-7

PET-SPA オリナス錦糸町店

〒130-0012 東京都墨田区太平4-1-2 オリナス錦糸町1F

PET-SPA 調布仙川店

〒182-0002 東京都調布市仙川町3-4-1 （いなげや調布仙川店 併設）

PET-SPA CARE+CURE ひばりヶ丘

〒202-0005 東京都西東京市住吉町3-9-19　

PET-SPA 町田店

〒194-0022 東京都町田市森野6-28-1"
"Silk Pack [~20kg] Medium long hair","シルクパック【～20kg】中長毛","This foam pack, containing 70% silk, adds shine to your dog's coat and enhances their natural color,
leaving it soft and fluffy.","シルク成分を70%含む泡パックが、被毛に艶を与え、愛犬本来の色を引き立てます。
柔らかでふわふわな仕上がりに","3300","15 minutes","https://res.cloudinary.com/dcrsau6jm/image/upload/v1780070780/option_pic04_e8kdwf.jpg","Medium","PET-SPA Takanawa Store

3-13-1 Takanawa, Minato-ku, Tokyo 108-0074, Japan (Located inside the Grand Prince Hotel Shin Takanawa, along Zakurozaka Street)

PET-SPA Kotobu Suna Store [NEW OPEN! June 3, 2026]

1F, Comforia Liv Minamisunamachi East, 7-1-2 Kitasuna, Koto-ku, Tokyo 136-0073

PET-SPA Platinum Street Store

〒108-0071 5-15-1 Shirokanedai, Minato-ku, Tokyo, Forma Shirokane 2F, inside Shirokanedai Hannari

PET-SPA Komazawa Park Store

4-11-1 Yakumo, Meguro-ku, Tokyo 152-0023

PET-SPA Bajikoen Store

1F, Grand Clair Bajikoen, 1-22-23 Kamiyoga, Setagaya-ku, Tokyo 158-0098, Japan

4 & 2 Kyodo Store

3-1-20 Miyasaka, Setagaya-ku, Tokyo 156-0051

4&2 Umegaoka Store

1-43-37 Umegaoka, Setagaya-ku, Tokyo 154-0022

PET-SPA CARE+CURE Shakujii Park

1-28-7 Shakujii-cho, Nerima-ku, Tokyo 177-0041

PET-SPA Orinas Kinshicho Store

1F Orinas Kinshicho, 4-1-2 Taihei, Sumida-ku, Tokyo 130-0012

PET-SPA Chofu Sengawa Store

3-4-1 Sengawa-cho, Chofu City, Tokyo 182-0002 (Located next to Inageya Chofu Sengawa store)

PET-SPA CARE+CURE Hibarigaoka

3-9-19 Sumiyoshi-cho, Nishitokyo-shi, Tokyo 202-0005　

PET-SPA Machida Store

6-28-1 Morino, Machida City, Tokyo 194-0022","PET-SPA 高輪店

〒108-0074 東京都港区高輪3-13-1 グランドプリンスホテル新高輪内（※ざくろ坂沿い）

PET-SPA 江東北砂店【2026年6月3日 NEW OPEN！】

〒136-0073 東京都江東区北砂7-1-2 コンフォリア・リヴ南砂町イースト 1階

PET-SPA 白金プラチナ通り店

〒108-0071 東京都港区白金台5-15-1 フォルマ白金2F 白金台Hannari 内

PET-SPA 駒沢公園店

〒152-0023 東京都目黒区八雲4-11-1

4 & 2 経堂店

〒156-0051 東京都世田谷区宮坂3-1-20

４＆２梅ヶ丘店

〒154-0022 東京都世田谷区梅丘1-43-37

PET-SPA CARE+CURE 石神井公園

〒177-0041 東京都練馬区石神井町1-28-7

PET-SPA オリナス錦糸町店

〒130-0012 東京都墨田区太平4-1-2 オリナス錦糸町1F

PET-SPA 調布仙川店

〒182-0002 東京都調布市仙川町3-4-1 （いなげや調布仙川店 併設）

PET-SPA CARE+CURE ひばりヶ丘

〒202-0005 東京都西東京市住吉町3-9-19　

PET-SPA 町田店

〒194-0022 東京都町田市森野6-28-1"
"Silk Pack [20kg~] Medium long hair","シルクパック【20kg～】中長毛","This foam pack, containing 70% silk, adds shine to your dog's coat and enhances their natural color,
leaving it soft and fluffy.","シルク成分を70%含む泡パックが、被毛に艶を与え、愛犬本来の色を引き立てます。
柔らかでふわふわな仕上がりに","3850","15 minutes","https://res.cloudinary.com/dcrsau6jm/image/upload/v1780070780/option_pic04_e8kdwf.jpg","Large","PET-SPA Takanawa Store

3-13-1 Takanawa, Minato-ku, Tokyo 108-0074, Japan (Located inside the Grand Prince Hotel Shin Takanawa, along Zakurozaka Street)

PET-SPA Kotobu Suna Store [NEW OPEN! June 3, 2026]

1F, Comforia Liv Minamisunamachi East, 7-1-2 Kitasuna, Koto-ku, Tokyo 136-0073

PET-SPA Platinum Street Store

〒108-0071 5-15-1 Shirokanedai, Minato-ku, Tokyo, Forma Shirokane 2F, inside Shirokanedai Hannari

PET-SPA Komazawa Park Store

4-11-1 Yakumo, Meguro-ku, Tokyo 152-0023

PET-SPA Bajikoen Store

1F, Grand Clair Bajikoen, 1-22-23 Kamiyoga, Setagaya-ku, Tokyo 158-0098, Japan

4 & 2 Kyodo Store

3-1-20 Miyasaka, Setagaya-ku, Tokyo 156-0051

4&2 Umegaoka Store

1-43-37 Umegaoka, Setagaya-ku, Tokyo 154-0022

PET-SPA CARE+CURE Shakujii Park

1-28-7 Shakujii-cho, Nerima-ku, Tokyo 177-0041

PET-SPA Orinas Kinshicho Store

1F Orinas Kinshicho, 4-1-2 Taihei, Sumida-ku, Tokyo 130-0012

PET-SPA Chofu Sengawa Store

3-4-1 Sengawa-cho, Chofu City, Tokyo 182-0002 (Located next to Inageya Chofu Sengawa store)

PET-SPA CARE+CURE Hibarigaoka

3-9-19 Sumiyoshi-cho, Nishitokyo-shi, Tokyo 202-0005　

PET-SPA Machida Store

6-28-1 Morino, Machida City, Tokyo 194-0022","PET-SPA 高輪店

〒108-0074 東京都港区高輪3-13-1 グランドプリンスホテル新高輪内（※ざくろ坂沿い）

PET-SPA 江東北砂店【2026年6月3日 NEW OPEN！】

〒136-0073 東京都江東区北砂7-1-2 コンフォリア・リヴ南砂町イースト 1階

PET-SPA 白金プラチナ通り店

〒108-0071 東京都港区白金台5-15-1 フォルマ白金2F 白金台Hannari 内

PET-SPA 駒沢公園店

〒152-0023 東京都目黒区八雲4-11-1

4 & 2 経堂店

〒156-0051 東京都世田谷区宮坂3-1-20

４＆２梅ヶ丘店

〒154-0022 東京都世田谷区梅丘1-43-37

PET-SPA CARE+CURE 石神井公園

〒177-0041 東京都練馬区石神井町1-28-7

PET-SPA オリナス錦糸町店

〒130-0012 東京都墨田区太平4-1-2 オリナス錦糸町1F

PET-SPA 調布仙川店

〒182-0002 東京都調布市仙川町3-4-1 （いなげや調布仙川店 併設）

PET-SPA CARE+CURE ひばりヶ丘

〒202-0005 東京都西東京市住吉町3-9-19　

PET-SPA 町田店

〒194-0022 東京都町田市森野6-28-1"
"Moisturize [~20kg]","モイスチャライズ【～20kg】","A leave-in moisturizer used as a final rinse after shampooing.
Quick and easy care.
Leaves skin and coat feeling soft and moisturized.","シャンプーの仕上げに掛け湯する、洗い流さない保湿剤。
短時間でケアできます。
皮膚・被毛がしっとり潤います","550","10 minutes","https://res.cloudinary.com/dcrsau6jm/image/upload/v1780070822/option_moisturize_hrkmkm.jpg","Medium","PET-SPA Takanawa Store

3-13-1 Takanawa, Minato-ku, Tokyo 108-0074, Japan (Located inside the Grand Prince Hotel Shin Takanawa, along Zakurozaka Street)

PET-SPA Kotobu Suna Store [NEW OPEN! June 3, 2026]

1F, Comforia Liv Minamisunamachi East, 7-1-2 Kitasuna, Koto-ku, Tokyo 136-0073

PET-SPA Platinum Street Store

〒108-0071 5-15-1 Shirokanedai, Minato-ku, Tokyo, Forma Shirokane 2F, inside Shirokanedai Hannari

PET-SPA Komazawa Park Store

4-11-1 Yakumo, Meguro-ku, Tokyo 152-0023

PET-SPA Bajikoen Store

1F, Grand Clair Bajikoen, 1-22-23 Kamiyoga, Setagaya-ku, Tokyo 158-0098, Japan

4 & 2 Kyodo Store

3-1-20 Miyasaka, Setagaya-ku, Tokyo 156-0051

4&2 Umegaoka Store

1-43-37 Umegaoka, Setagaya-ku, Tokyo 154-0022

PET-SPA CARE+CURE Shakujii Park

1-28-7 Shakujii-cho, Nerima-ku, Tokyo 177-0041

PET-SPA Orinas Kinshicho Store

1F Orinas Kinshicho, 4-1-2 Taihei, Sumida-ku, Tokyo 130-0012

PET-SPA Chofu Sengawa Store

3-4-1 Sengawa-cho, Chofu City, Tokyo 182-0002 (Located next to Inageya Chofu Sengawa store)

PET-SPA CARE+CURE Hibarigaoka

3-9-19 Sumiyoshi-cho, Nishitokyo-shi, Tokyo 202-0005　

PET-SPA Machida Store

6-28-1 Morino, Machida City, Tokyo 194-0022","PET-SPA 高輪店

〒108-0074 東京都港区高輪3-13-1 グランドプリンスホテル新高輪内（※ざくろ坂沿い）

PET-SPA 江東北砂店【2026年6月3日 NEW OPEN！】

〒136-0073 東京都江東区北砂7-1-2 コンフォリア・リヴ南砂町イースト 1階

PET-SPA 白金プラチナ通り店

〒108-0071 東京都港区白金台5-15-1 フォルマ白金2F 白金台Hannari 内

PET-SPA 駒沢公園店

〒152-0023 東京都目黒区八雲4-11-1

4 & 2 経堂店

〒156-0051 東京都世田谷区宮坂3-1-20

４＆２梅ヶ丘店

〒154-0022 東京都世田谷区梅丘1-43-37

PET-SPA CARE+CURE 石神井公園

〒177-0041 東京都練馬区石神井町1-28-7

PET-SPA オリナス錦糸町店

〒130-0012 東京都墨田区太平4-1-2 オリナス錦糸町1F

PET-SPA 調布仙川店

〒182-0002 東京都調布市仙川町3-4-1 （いなげや調布仙川店 併設）

PET-SPA CARE+CURE ひばりヶ丘

〒202-0005 東京都西東京市住吉町3-9-19　

PET-SPA 町田店

〒194-0022 東京都町田市森野6-28-1"
"Moisturize [20kg~]","モイスチャライズ【20kg～】","A leave-in moisturizer used as a final rinse after shampooing.
Quick and easy care.
Leaves skin and coat feeling soft and moisturized.","シャンプーの仕上げに掛け湯する、洗い流さない保湿剤。
短時間でケアできます。
皮膚・被毛がしっとり潤います","1100","10 minutes","https://res.cloudinary.com/dcrsau6jm/image/upload/v1780070822/option_moisturize_hrkmkm.jpg","Large","PET-SPA Takanawa Store

3-13-1 Takanawa, Minato-ku, Tokyo 108-0074, Japan (Located inside the Grand Prince Hotel Shin Takanawa, along Zakurozaka Street)

PET-SPA Kotobu Suna Store [NEW OPEN! June 3, 2026]

1F, Comforia Liv Minamisunamachi East, 7-1-2 Kitasuna, Koto-ku, Tokyo 136-0073

PET-SPA Platinum Street Store

〒108-0071 5-15-1 Shirokanedai, Minato-ku, Tokyo, Forma Shirokane 2F, inside Shirokanedai Hannari

PET-SPA Komazawa Park Store

4-11-1 Yakumo, Meguro-ku, Tokyo 152-0023

PET-SPA Bajikoen Store

1F, Grand Clair Bajikoen, 1-22-23 Kamiyoga, Setagaya-ku, Tokyo 158-0098, Japan

4 & 2 Kyodo Store

3-1-20 Miyasaka, Setagaya-ku, Tokyo 156-0051

4&2 Umegaoka Store

1-43-37 Umegaoka, Setagaya-ku, Tokyo 154-0022

PET-SPA CARE+CURE Shakujii Park

1-28-7 Shakujii-cho, Nerima-ku, Tokyo 177-0041

PET-SPA Orinas Kinshicho Store

1F Orinas Kinshicho, 4-1-2 Taihei, Sumida-ku, Tokyo 130-0012

PET-SPA Chofu Sengawa Store

3-4-1 Sengawa-cho, Chofu City, Tokyo 182-0002 (Located next to Inageya Chofu Sengawa store)

PET-SPA CARE+CURE Hibarigaoka

3-9-19 Sumiyoshi-cho, Nishitokyo-shi, Tokyo 202-0005　

PET-SPA Machida Store

6-28-1 Morino, Machida City, Tokyo 194-0022","PET-SPA 高輪店

〒108-0074 東京都港区高輪3-13-1 グランドプリンスホテル新高輪内（※ざくろ坂沿い）

PET-SPA 江東北砂店【2026年6月3日 NEW OPEN！】

〒136-0073 東京都江東区北砂7-1-2 コンフォリア・リヴ南砂町イースト 1階

PET-SPA 白金プラチナ通り店

〒108-0071 東京都港区白金台5-15-1 フォルマ白金2F 白金台Hannari 内

PET-SPA 駒沢公園店

〒152-0023 東京都目黒区八雲4-11-1

4 & 2 経堂店

〒156-0051 東京都世田谷区宮坂3-1-20

４＆２梅ヶ丘店

〒154-0022 東京都世田谷区梅丘1-43-37

PET-SPA CARE+CURE 石神井公園

〒177-0041 東京都練馬区石神井町1-28-7

PET-SPA オリナス錦糸町店

〒130-0012 東京都墨田区太平4-1-2 オリナス錦糸町1F

PET-SPA 調布仙川店

〒182-0002 東京都調布市仙川町3-4-1 （いなげや調布仙川店 併設）

PET-SPA CARE+CURE ひばりヶ丘

〒202-0005 東京都西東京市住吉町3-9-19　

PET-SPA 町田店

〒194-0022 東京都町田市森野6-28-1"
"Herb Bath [~20kg]","ハーブ浴【～20kg】","A bath with dissolved herbal pack powder.
An easy way to try herbal care.","ハーブパックの粉を溶かしたお風呂。
お手軽にハーブケアをお試しいただけます。","1100","15 minutes","https://res.cloudinary.com/dcrsau6jm/image/upload/v1780070866/option_herbbath_zrkcxc.jpg","Medium","PET-SPA Takanawa Store

3-13-1 Takanawa, Minato-ku, Tokyo 108-0074, Japan (Located inside the Grand Prince Hotel Shin Takanawa, along Zakurozaka Street)

PET-SPA Kotobu Suna Store [NEW OPEN! June 3, 2026]

1F, Comforia Liv Minamisunamachi East, 7-1-2 Kitasuna, Koto-ku, Tokyo 136-0073

PET-SPA Platinum Street Store

〒108-0071 5-15-1 Shirokanedai, Minato-ku, Tokyo, Forma Shirokane 2F, inside Shirokanedai Hannari

PET-SPA Komazawa Park Store

4-11-1 Yakumo, Meguro-ku, Tokyo 152-0023

PET-SPA Bajikoen Store

1F, Grand Clair Bajikoen, 1-22-23 Kamiyoga, Setagaya-ku, Tokyo 158-0098, Japan

4 & 2 Kyodo Store

3-1-20 Miyasaka, Setagaya-ku, Tokyo 156-0051

4&2 Umegaoka Store

1-43-37 Umegaoka, Setagaya-ku, Tokyo 154-0022

PET-SPA CARE+CURE Shakujii Park

1-28-7 Shakujii-cho, Nerima-ku, Tokyo 177-0041

PET-SPA Orinas Kinshicho Store

1F Orinas Kinshicho, 4-1-2 Taihei, Sumida-ku, Tokyo 130-0012

PET-SPA Chofu Sengawa Store

3-4-1 Sengawa-cho, Chofu City, Tokyo 182-0002 (Located next to Inageya Chofu Sengawa store)

PET-SPA CARE+CURE Hibarigaoka

3-9-19 Sumiyoshi-cho, Nishitokyo-shi, Tokyo 202-0005　

PET-SPA Machida Store

6-28-1 Morino, Machida City, Tokyo 194-0022","PET-SPA 高輪店

〒108-0074 東京都港区高輪3-13-1 グランドプリンスホテル新高輪内（※ざくろ坂沿い）

PET-SPA 江東北砂店【2026年6月3日 NEW OPEN！】

〒136-0073 東京都江東区北砂7-1-2 コンフォリア・リヴ南砂町イースト 1階

PET-SPA 白金プラチナ通り店

〒108-0071 東京都港区白金台5-15-1 フォルマ白金2F 白金台Hannari 内

PET-SPA 駒沢公園店

〒152-0023 東京都目黒区八雲4-11-1

4 & 2 経堂店

〒156-0051 東京都世田谷区宮坂3-1-20

４＆２梅ヶ丘店

〒154-0022 東京都世田谷区梅丘1-43-37

PET-SPA CARE+CURE 石神井公園

〒177-0041 東京都練馬区石神井町1-28-7

PET-SPA オリナス錦糸町店

〒130-0012 東京都墨田区太平4-1-2 オリナス錦糸町1F

PET-SPA 調布仙川店

〒182-0002 東京都調布市仙川町3-4-1 （いなげや調布仙川店 併設）

PET-SPA CARE+CURE ひばりヶ丘

〒202-0005 東京都西東京市住吉町3-9-19　

PET-SPA 町田店

〒194-0022 東京都町田市森野6-28-1"
"Herb Bath [20kg~]","ハーブ浴【20kg～】","A bath with dissolved herbal pack powder.
An easy way to try herbal care.","ハーブパックの粉を溶かしたお風呂。
お手軽にハーブケアをお試しいただけます。","2200","15 minutes","https://res.cloudinary.com/dcrsau6jm/image/upload/v1780070866/option_herbbath_zrkcxc.jpg","Large","PET-SPA Takanawa Store

3-13-1 Takanawa, Minato-ku, Tokyo 108-0074, Japan (Located inside the Grand Prince Hotel Shin Takanawa, along Zakurozaka Street)

PET-SPA Kotobu Suna Store [NEW OPEN! June 3, 2026]

1F, Comforia Liv Minamisunamachi East, 7-1-2 Kitasuna, Koto-ku, Tokyo 136-0073

PET-SPA Platinum Street Store

〒108-0071 5-15-1 Shirokanedai, Minato-ku, Tokyo, Forma Shirokane 2F, inside Shirokanedai Hannari

PET-SPA Komazawa Park Store

4-11-1 Yakumo, Meguro-ku, Tokyo 152-0023

PET-SPA Bajikoen Store

1F, Grand Clair Bajikoen, 1-22-23 Kamiyoga, Setagaya-ku, Tokyo 158-0098, Japan

4 & 2 Kyodo Store

3-1-20 Miyasaka, Setagaya-ku, Tokyo 156-0051

4&2 Umegaoka Store

1-43-37 Umegaoka, Setagaya-ku, Tokyo 154-0022

PET-SPA CARE+CURE Shakujii Park

1-28-7 Shakujii-cho, Nerima-ku, Tokyo 177-0041

PET-SPA Orinas Kinshicho Store

1F Orinas Kinshicho, 4-1-2 Taihei, Sumida-ku, Tokyo 130-0012

PET-SPA Chofu Sengawa Store

3-4-1 Sengawa-cho, Chofu City, Tokyo 182-0002 (Located next to Inageya Chofu Sengawa store)

PET-SPA CARE+CURE Hibarigaoka

3-9-19 Sumiyoshi-cho, Nishitokyo-shi, Tokyo 202-0005　

PET-SPA Machida Store

6-28-1 Morino, Machida City, Tokyo 194-0022","PET-SPA 高輪店

〒108-0074 東京都港区高輪3-13-1 グランドプリンスホテル新高輪内（※ざくろ坂沿い）

PET-SPA 江東北砂店【2026年6月3日 NEW OPEN！】

〒136-0073 東京都江東区北砂7-1-2 コンフォリア・リヴ南砂町イースト 1階

PET-SPA 白金プラチナ通り店

〒108-0071 東京都港区白金台5-15-1 フォルマ白金2F 白金台Hannari 内

PET-SPA 駒沢公園店

〒152-0023 東京都目黒区八雲4-11-1

4 & 2 経堂店

〒156-0051 東京都世田谷区宮坂3-1-20

４＆２梅ヶ丘店

〒154-0022 東京都世田谷区梅丘1-43-37

PET-SPA CARE+CURE 石神井公園

〒177-0041 東京都練馬区石神井町1-28-7

PET-SPA オリナス錦糸町店

〒130-0012 東京都墨田区太平4-1-2 オリナス錦糸町1F

PET-SPA 調布仙川店

〒182-0002 東京都調布市仙川町3-4-1 （いなげや調布仙川店 併設）

PET-SPA CARE+CURE ひばりヶ丘

〒202-0005 東京都西東京市住吉町3-9-19　

PET-SPA 町田店

〒194-0022 東京都町田市森野6-28-1"
"Cashmere Touch Shampoo [~20kg]","カシミヤタッチシャンプー【～20kg】","A luxurious shampoo formulated with cashmere-derived keratin.
Leaves hair feeling both soft and smooth.
Features a floral fruity scent.","カシミヤ由来ケラチンを配合した贅沢なシャンプー。
ふんわりとなめらかを両立した仕上がりに。
フローラルフルーティの香り","1650","20 minutes","https://res.cloudinary.com/dcrsau6jm/image/upload/v1780070894/option_cashmere_touch_jlvmhc.jpg","Medium","PET-SPA Takanawa Store

3-13-1 Takanawa, Minato-ku, Tokyo 108-0074, Japan (Located inside the Grand Prince Hotel Shin Takanawa, along Zakurozaka Street)

PET-SPA Kotobu Suna Store [NEW OPEN! June 3, 2026]

1F, Comforia Liv Minamisunamachi East, 7-1-2 Kitasuna, Koto-ku, Tokyo 136-0073

PET-SPA Platinum Street Store

〒108-0071 5-15-1 Shirokanedai, Minato-ku, Tokyo, Forma Shirokane 2F, inside Shirokanedai Hannari

PET-SPA Komazawa Park Store

4-11-1 Yakumo, Meguro-ku, Tokyo 152-0023

PET-SPA Bajikoen Store

1F, Grand Clair Bajikoen, 1-22-23 Kamiyoga, Setagaya-ku, Tokyo 158-0098, Japan

4 & 2 Kyodo Store

3-1-20 Miyasaka, Setagaya-ku, Tokyo 156-0051

4&2 Umegaoka Store

1-43-37 Umegaoka, Setagaya-ku, Tokyo 154-0022

PET-SPA CARE+CURE Shakujii Park

1-28-7 Shakujii-cho, Nerima-ku, Tokyo 177-0041

PET-SPA Orinas Kinshicho Store

1F Orinas Kinshicho, 4-1-2 Taihei, Sumida-ku, Tokyo 130-0012

PET-SPA Chofu Sengawa Store

3-4-1 Sengawa-cho, Chofu City, Tokyo 182-0002 (Located next to Inageya Chofu Sengawa store)

PET-SPA CARE+CURE Hibarigaoka

3-9-19 Sumiyoshi-cho, Nishitokyo-shi, Tokyo 202-0005　

PET-SPA Machida Store

6-28-1 Morino, Machida City, Tokyo 194-0022","PET-SPA 高輪店

〒108-0074 東京都港区高輪3-13-1 グランドプリンスホテル新高輪内（※ざくろ坂沿い）

PET-SPA 江東北砂店【2026年6月3日 NEW OPEN！】

〒136-0073 東京都江東区北砂7-1-2 コンフォリア・リヴ南砂町イースト 1階

PET-SPA 白金プラチナ通り店

〒108-0071 東京都港区白金台5-15-1 フォルマ白金2F 白金台Hannari 内

PET-SPA 駒沢公園店

〒152-0023 東京都目黒区八雲4-11-1

4 & 2 経堂店

〒156-0051 東京都世田谷区宮坂3-1-20

４＆２梅ヶ丘店

〒154-0022 東京都世田谷区梅丘1-43-37

PET-SPA CARE+CURE 石神井公園

〒177-0041 東京都練馬区石神井町1-28-7

PET-SPA オリナス錦糸町店

〒130-0012 東京都墨田区太平4-1-2 オリナス錦糸町1F

PET-SPA 調布仙川店

〒182-0002 東京都調布市仙川町3-4-1 （いなげや調布仙川店 併設）

PET-SPA CARE+CURE ひばりヶ丘

〒202-0005 東京都西東京市住吉町3-9-19　

PET-SPA 町田店

〒194-0022 東京都町田市森野6-28-1"
"Cashmere Touch Shampoo [20kg~]","カシミヤタッチシャンプー【20kg～】","A luxurious shampoo formulated with cashmere-derived keratin.
Leaves hair feeling both soft and smooth.
Features a floral fruity scent.","カシミヤ由来ケラチンを配合した贅沢なシャンプー。
ふんわりとなめらかを両立した仕上がりに。
フローラルフルーティの香り","2200","20 minutes","https://res.cloudinary.com/dcrsau6jm/image/upload/v1780070894/option_cashmere_touch_jlvmhc.jpg","Large","PET-SPA Takanawa Store

3-13-1 Takanawa, Minato-ku, Tokyo 108-0074, Japan (Located inside the Grand Prince Hotel Shin Takanawa, along Zakurozaka Street)

PET-SPA Kotobu Suna Store [NEW OPEN! June 3, 2026]

1F, Comforia Liv Minamisunamachi East, 7-1-2 Kitasuna, Koto-ku, Tokyo 136-0073

PET-SPA Platinum Street Store

〒108-0071 5-15-1 Shirokanedai, Minato-ku, Tokyo, Forma Shirokane 2F, inside Shirokanedai Hannari

PET-SPA Komazawa Park Store

4-11-1 Yakumo, Meguro-ku, Tokyo 152-0023

PET-SPA Bajikoen Store

1F, Grand Clair Bajikoen, 1-22-23 Kamiyoga, Setagaya-ku, Tokyo 158-0098, Japan

4 & 2 Kyodo Store

3-1-20 Miyasaka, Setagaya-ku, Tokyo 156-0051

4&2 Umegaoka Store

1-43-37 Umegaoka, Setagaya-ku, Tokyo 154-0022

PET-SPA CARE+CURE Shakujii Park

1-28-7 Shakujii-cho, Nerima-ku, Tokyo 177-0041

PET-SPA Orinas Kinshicho Store

1F Orinas Kinshicho, 4-1-2 Taihei, Sumida-ku, Tokyo 130-0012

PET-SPA Chofu Sengawa Store

3-4-1 Sengawa-cho, Chofu City, Tokyo 182-0002 (Located next to Inageya Chofu Sengawa store)

PET-SPA CARE+CURE Hibarigaoka

3-9-19 Sumiyoshi-cho, Nishitokyo-shi, Tokyo 202-0005　

PET-SPA Machida Store

6-28-1 Morino, Machida City, Tokyo 194-0022","PET-SPA 高輪店

〒108-0074 東京都港区高輪3-13-1 グランドプリンスホテル新高輪内（※ざくろ坂沿い）

PET-SPA 江東北砂店【2026年6月3日 NEW OPEN！】

〒136-0073 東京都江東区北砂7-1-2 コンフォリア・リヴ南砂町イースト 1階

PET-SPA 白金プラチナ通り店

〒108-0071 東京都港区白金台5-15-1 フォルマ白金2F 白金台Hannari 内

PET-SPA 駒沢公園店

〒152-0023 東京都目黒区八雲4-11-1

4 & 2 経堂店

〒156-0051 東京都世田谷区宮坂3-1-20

４＆２梅ヶ丘店

〒154-0022 東京都世田谷区梅丘1-43-37

PET-SPA CARE+CURE 石神井公園

〒177-0041 東京都練馬区石神井町1-28-7

PET-SPA オリナス錦糸町店

〒130-0012 東京都墨田区太平4-1-2 オリナス錦糸町1F

PET-SPA 調布仙川店

〒182-0002 東京都調布市仙川町3-4-1 （いなげや調布仙川店 併設）

PET-SPA CARE+CURE ひばりヶ丘

〒202-0005 東京都西東京市住吉町3-9-19　

PET-SPA 町田店

〒194-0022 東京都町田市森野6-28-1"
"Animaru Yu Shampoo [~20kg]","アニマー湯シャンプー【～20kg】","This amino acid-based shampoo is made primarily from natural palm and coconut oil.
It's recommended for those seeking moisture for both their pet's skin and coat.","天然パームとヤシ油を主成分としたアミノ酸系シャンプー。
皮膚・被毛の両方にうるおいを求める方にオススメです","1100","15 minutes","https://res.cloudinary.com/dcrsau6jm/image/upload/v1780070919/option_animayu_f9v7wv.jpg","Medium","PET-SPA Takanawa Store

3-13-1 Takanawa, Minato-ku, Tokyo 108-0074, Japan (Located inside the Grand Prince Hotel Shin Takanawa, along Zakurozaka Street)

PET-SPA Kotobu Suna Store [NEW OPEN! June 3, 2026]

1F, Comforia Liv Minamisunamachi East, 7-1-2 Kitasuna, Koto-ku, Tokyo 136-0073

PET-SPA Platinum Street Store

〒108-0071 5-15-1 Shirokanedai, Minato-ku, Tokyo, Forma Shirokane 2F, inside Shirokanedai Hannari

PET-SPA Komazawa Park Store

4-11-1 Yakumo, Meguro-ku, Tokyo 152-0023

PET-SPA Bajikoen Store

1F, Grand Clair Bajikoen, 1-22-23 Kamiyoga, Setagaya-ku, Tokyo 158-0098, Japan

4 & 2 Kyodo Store

3-1-20 Miyasaka, Setagaya-ku, Tokyo 156-0051

4&2 Umegaoka Store

1-43-37 Umegaoka, Setagaya-ku, Tokyo 154-0022

PET-SPA CARE+CURE Shakujii Park

1-28-7 Shakujii-cho, Nerima-ku, Tokyo 177-0041

PET-SPA Orinas Kinshicho Store

1F Orinas Kinshicho, 4-1-2 Taihei, Sumida-ku, Tokyo 130-0012

PET-SPA Chofu Sengawa Store

3-4-1 Sengawa-cho, Chofu City, Tokyo 182-0002 (Located next to Inageya Chofu Sengawa store)

PET-SPA CARE+CURE Hibarigaoka

3-9-19 Sumiyoshi-cho, Nishitokyo-shi, Tokyo 202-0005　

PET-SPA Machida Store

6-28-1 Morino, Machida City, Tokyo 194-0022","PET-SPA 高輪店

〒108-0074 東京都港区高輪3-13-1 グランドプリンスホテル新高輪内（※ざくろ坂沿い）

PET-SPA 江東北砂店【2026年6月3日 NEW OPEN！】

〒136-0073 東京都江東区北砂7-1-2 コンフォリア・リヴ南砂町イースト 1階

PET-SPA 白金プラチナ通り店

〒108-0071 東京都港区白金台5-15-1 フォルマ白金2F 白金台Hannari 内

PET-SPA 駒沢公園店

〒152-0023 東京都目黒区八雲4-11-1

4 & 2 経堂店

〒156-0051 東京都世田谷区宮坂3-1-20

４＆２梅ヶ丘店

〒154-0022 東京都世田谷区梅丘1-43-37

PET-SPA CARE+CURE 石神井公園

〒177-0041 東京都練馬区石神井町1-28-7

PET-SPA オリナス錦糸町店

〒130-0012 東京都墨田区太平4-1-2 オリナス錦糸町1F

PET-SPA 調布仙川店

〒182-0002 東京都調布市仙川町3-4-1 （いなげや調布仙川店 併設）

PET-SPA CARE+CURE ひばりヶ丘

〒202-0005 東京都西東京市住吉町3-9-19　

PET-SPA 町田店

〒194-0022 東京都町田市森野6-28-1"
"Animaru Yu Shampoo [20kg~]","アニマー湯シャンプー【20kg～】","This amino acid-based shampoo is made primarily from natural palm and coconut oil.
It's recommended for those seeking moisture for both their pet's skin and coat.","天然パームとヤシ油を主成分としたアミノ酸系シャンプー。
皮膚・被毛の両方にうるおいを求める方にオススメです","1650","15 minutes","https://res.cloudinary.com/dcrsau6jm/image/upload/v1780070919/option_animayu_f9v7wv.jpg","Large","PET-SPA Takanawa Store

3-13-1 Takanawa, Minato-ku, Tokyo 108-0074, Japan (Located inside the Grand Prince Hotel Shin Takanawa, along Zakurozaka Street)

PET-SPA Kotobu Suna Store [NEW OPEN! June 3, 2026]

1F, Comforia Liv Minamisunamachi East, 7-1-2 Kitasuna, Koto-ku, Tokyo 136-0073

PET-SPA Platinum Street Store

〒108-0071 5-15-1 Shirokanedai, Minato-ku, Tokyo, Forma Shirokane 2F, inside Shirokanedai Hannari

PET-SPA Komazawa Park Store

4-11-1 Yakumo, Meguro-ku, Tokyo 152-0023

PET-SPA Bajikoen Store

1F, Grand Clair Bajikoen, 1-22-23 Kamiyoga, Setagaya-ku, Tokyo 158-0098, Japan

4 & 2 Kyodo Store

3-1-20 Miyasaka, Setagaya-ku, Tokyo 156-0051

4&2 Umegaoka Store

1-43-37 Umegaoka, Setagaya-ku, Tokyo 154-0022

PET-SPA CARE+CURE Shakujii Park

1-28-7 Shakujii-cho, Nerima-ku, Tokyo 177-0041

PET-SPA Orinas Kinshicho Store

1F Orinas Kinshicho, 4-1-2 Taihei, Sumida-ku, Tokyo 130-0012

PET-SPA Chofu Sengawa Store

3-4-1 Sengawa-cho, Chofu City, Tokyo 182-0002 (Located next to Inageya Chofu Sengawa store)

PET-SPA CARE+CURE Hibarigaoka

3-9-19 Sumiyoshi-cho, Nishitokyo-shi, Tokyo 202-0005　

PET-SPA Machida Store

6-28-1 Morino, Machida City, Tokyo 194-0022","PET-SPA 高輪店

〒108-0074 東京都港区高輪3-13-1 グランドプリンスホテル新高輪内（※ざくろ坂沿い）

PET-SPA 江東北砂店【2026年6月3日 NEW OPEN！】

〒136-0073 東京都江東区北砂7-1-2 コンフォリア・リヴ南砂町イースト 1階

PET-SPA 白金プラチナ通り店

〒108-0071 東京都港区白金台5-15-1 フォルマ白金2F 白金台Hannari 内

PET-SPA 駒沢公園店

〒152-0023 東京都目黒区八雲4-11-1

4 & 2 経堂店

〒156-0051 東京都世田谷区宮坂3-1-20

４＆２梅ヶ丘店

〒154-0022 東京都世田谷区梅丘1-43-37

PET-SPA CARE+CURE 石神井公園

〒177-0041 東京都練馬区石神井町1-28-7

PET-SPA オリナス錦糸町店

〒130-0012 東京都墨田区太平4-1-2 オリナス錦糸町1F

PET-SPA 調布仙川店

〒182-0002 東京都調布市仙川町3-4-1 （いなげや調布仙川店 併設）

PET-SPA CARE+CURE ひばりヶ丘

〒202-0005 東京都西東京市住吉町3-9-19　

PET-SPA 町田店

〒194-0022 東京都町田市森野6-28-1"
"Salon Shampoo [~20kg]","サロンシャンプー【～20kg】","This product uses luxurious silk-based cleansing ingredients, including lauroyl silk amino acid K, to leave your pet's coat feeling soft and smooth. It has
an elegant scent of lemongrass and ylang-ylang.","贅沢なシルク系洗浄成分、ラウロイルシルクアミノ酸Kを使用し、手触りの良い被毛に。
レモングラスとイランイランの上品な香り","1100","15 minutes","https://res.cloudinary.com/dcrsau6jm/image/upload/v1780070956/option_salon_aml6in.jpg","Medium","PET-SPA Takanawa Store

3-13-1 Takanawa, Minato-ku, Tokyo 108-0074, Japan (Located inside the Grand Prince Hotel Shin Takanawa, along Zakurozaka Street)

PET-SPA Kotobu Suna Store [NEW OPEN! June 3, 2026]

1F, Comforia Liv Minamisunamachi East, 7-1-2 Kitasuna, Koto-ku, Tokyo 136-0073

PET-SPA Platinum Street Store

〒108-0071 5-15-1 Shirokanedai, Minato-ku, Tokyo, Forma Shirokane 2F, inside Shirokanedai Hannari

PET-SPA Komazawa Park Store

4-11-1 Yakumo, Meguro-ku, Tokyo 152-0023

PET-SPA Bajikoen Store

1F, Grand Clair Bajikoen, 1-22-23 Kamiyoga, Setagaya-ku, Tokyo 158-0098, Japan

4 & 2 Kyodo Store

3-1-20 Miyasaka, Setagaya-ku, Tokyo 156-0051

4&2 Umegaoka Store

1-43-37 Umegaoka, Setagaya-ku, Tokyo 154-0022

PET-SPA CARE+CURE Shakujii Park

1-28-7 Shakujii-cho, Nerima-ku, Tokyo 177-0041

PET-SPA Orinas Kinshicho Store

1F Orinas Kinshicho, 4-1-2 Taihei, Sumida-ku, Tokyo 130-0012

PET-SPA Chofu Sengawa Store

3-4-1 Sengawa-cho, Chofu City, Tokyo 182-0002 (Located next to Inageya Chofu Sengawa store)

PET-SPA CARE+CURE Hibarigaoka

3-9-19 Sumiyoshi-cho, Nishitokyo-shi, Tokyo 202-0005　

PET-SPA Machida Store

6-28-1 Morino, Machida City, Tokyo 194-0022","PET-SPA 高輪店

〒108-0074 東京都港区高輪3-13-1 グランドプリンスホテル新高輪内（※ざくろ坂沿い）

PET-SPA 江東北砂店【2026年6月3日 NEW OPEN！】

〒136-0073 東京都江東区北砂7-1-2 コンフォリア・リヴ南砂町イースト 1階

PET-SPA 白金プラチナ通り店

〒108-0071 東京都港区白金台5-15-1 フォルマ白金2F 白金台Hannari 内

PET-SPA 駒沢公園店

〒152-0023 東京都目黒区八雲4-11-1

4 & 2 経堂店

〒156-0051 東京都世田谷区宮坂3-1-20

４＆２梅ヶ丘店

〒154-0022 東京都世田谷区梅丘1-43-37

PET-SPA CARE+CURE 石神井公園

〒177-0041 東京都練馬区石神井町1-28-7

PET-SPA オリナス錦糸町店

〒130-0012 東京都墨田区太平4-1-2 オリナス錦糸町1F

PET-SPA 調布仙川店

〒182-0002 東京都調布市仙川町3-4-1 （いなげや調布仙川店 併設）

PET-SPA CARE+CURE ひばりヶ丘

〒202-0005 東京都西東京市住吉町3-9-19　

PET-SPA 町田店

〒194-0022 東京都町田市森野6-28-1"
"Salon Shampoo [20kg~]","サロンシャンプー【20kg～】","This product uses luxurious silk-based cleansing ingredients, including lauroyl silk amino acid K, to leave your pet's coat feeling soft and smooth. It has
an elegant scent of lemongrass and ylang-ylang.","贅沢なシルク系洗浄成分、ラウロイルシルクアミノ酸Kを使用し、手触りの良い被毛に。
レモングラスとイランイランの上品な香り","1650","15 minutes","https://res.cloudinary.com/dcrsau6jm/image/upload/v1780070956/option_salon_aml6in.jpg","Large","PET-SPA Takanawa Store

3-13-1 Takanawa, Minato-ku, Tokyo 108-0074, Japan (Located inside the Grand Prince Hotel Shin Takanawa, along Zakurozaka Street)

PET-SPA Kotobu Suna Store [NEW OPEN! June 3, 2026]

1F, Comforia Liv Minamisunamachi East, 7-1-2 Kitasuna, Koto-ku, Tokyo 136-0073

PET-SPA Platinum Street Store

〒108-0071 5-15-1 Shirokanedai, Minato-ku, Tokyo, Forma Shirokane 2F, inside Shirokanedai Hannari

PET-SPA Komazawa Park Store

4-11-1 Yakumo, Meguro-ku, Tokyo 152-0023

PET-SPA Bajikoen Store

1F, Grand Clair Bajikoen, 1-22-23 Kamiyoga, Setagaya-ku, Tokyo 158-0098, Japan

4 & 2 Kyodo Store

3-1-20 Miyasaka, Setagaya-ku, Tokyo 156-0051

4&2 Umegaoka Store

1-43-37 Umegaoka, Setagaya-ku, Tokyo 154-0022

PET-SPA CARE+CURE Shakujii Park

1-28-7 Shakujii-cho, Nerima-ku, Tokyo 177-0041

PET-SPA Orinas Kinshicho Store

1F Orinas Kinshicho, 4-1-2 Taihei, Sumida-ku, Tokyo 130-0012

PET-SPA Chofu Sengawa Store

3-4-1 Sengawa-cho, Chofu City, Tokyo 182-0002 (Located next to Inageya Chofu Sengawa store)

PET-SPA CARE+CURE Hibarigaoka

3-9-19 Sumiyoshi-cho, Nishitokyo-shi, Tokyo 202-0005　

PET-SPA Machida Store

6-28-1 Morino, Machida City, Tokyo 194-0022","PET-SPA 高輪店

〒108-0074 東京都港区高輪3-13-1 グランドプリンスホテル新高輪内（※ざくろ坂沿い）

PET-SPA 江東北砂店【2026年6月3日 NEW OPEN！】

〒136-0073 東京都江東区北砂7-1-2 コンフォリア・リヴ南砂町イースト 1階

PET-SPA 白金プラチナ通り店

〒108-0071 東京都港区白金台5-15-1 フォルマ白金2F 白金台Hannari 内

PET-SPA 駒沢公園店

〒152-0023 東京都目黒区八雲4-11-1

4 & 2 経堂店

〒156-0051 東京都世田谷区宮坂3-1-20

４＆２梅ヶ丘店

〒154-0022 東京都世田谷区梅丘1-43-37

PET-SPA CARE+CURE 石神井公園

〒177-0041 東京都練馬区石神井町1-28-7

PET-SPA オリナス錦糸町店

〒130-0012 東京都墨田区太平4-1-2 オリナス錦糸町1F

PET-SPA 調布仙川店

〒182-0002 東京都調布市仙川町3-4-1 （いなげや調布仙川店 併設）

PET-SPA CARE+CURE ひばりヶ丘

〒202-0005 東京都西東京市住吉町3-9-19　

PET-SPA 町田店

〒194-0022 東京都町田市森野6-28-1"
"Setouchi Lemon Shampoo [~20kg]","瀬戸内レモンシャンプー【～20kg】","This product uses amino acid-based surfactants as its main ingredient, achieving a balance between moderate cleansing power and moisturizing properties.
It also contains collagen, leaving hair feeling soft and moisturized even without conditioner.","アミノ酸系の界面活性剤を主成分にし、適度な洗浄力と保湿力を両立。
コラーゲン配合で、リンス不使用でもしっとり","1100","15 minutes","https://res.cloudinary.com/dcrsau6jm/image/upload/v1780070983/option_lemon_mshxm8.jpg","Medium","PET-SPA Takanawa Store

3-13-1 Takanawa, Minato-ku, Tokyo 108-0074, Japan (Located inside the Grand Prince Hotel Shin Takanawa, along Zakurozaka Street)

PET-SPA Kotobu Suna Store [NEW OPEN! June 3, 2026]

1F, Comforia Liv Minamisunamachi East, 7-1-2 Kitasuna, Koto-ku, Tokyo 136-0073

PET-SPA Platinum Street Store

〒108-0071 5-15-1 Shirokanedai, Minato-ku, Tokyo, Forma Shirokane 2F, inside Shirokanedai Hannari

PET-SPA Komazawa Park Store

4-11-1 Yakumo, Meguro-ku, Tokyo 152-0023

PET-SPA Bajikoen Store

1F, Grand Clair Bajikoen, 1-22-23 Kamiyoga, Setagaya-ku, Tokyo 158-0098, Japan

4 & 2 Kyodo Store

3-1-20 Miyasaka, Setagaya-ku, Tokyo 156-0051

4&2 Umegaoka Store

1-43-37 Umegaoka, Setagaya-ku, Tokyo 154-0022

PET-SPA CARE+CURE Shakujii Park

1-28-7 Shakujii-cho, Nerima-ku, Tokyo 177-0041

PET-SPA Orinas Kinshicho Store

1F Orinas Kinshicho, 4-1-2 Taihei, Sumida-ku, Tokyo 130-0012

PET-SPA Chofu Sengawa Store

3-4-1 Sengawa-cho, Chofu City, Tokyo 182-0002 (Located next to Inageya Chofu Sengawa store)

PET-SPA CARE+CURE Hibarigaoka

3-9-19 Sumiyoshi-cho, Nishitokyo-shi, Tokyo 202-0005　

PET-SPA Machida Store

6-28-1 Morino, Machida City, Tokyo 194-0022","PET-SPA 高輪店

〒108-0074 東京都港区高輪3-13-1 グランドプリンスホテル新高輪内（※ざくろ坂沿い）

PET-SPA 江東北砂店【2026年6月3日 NEW OPEN！】

〒136-0073 東京都江東区北砂7-1-2 コンフォリア・リヴ南砂町イースト 1階

PET-SPA 白金プラチナ通り店

〒108-0071 東京都港区白金台5-15-1 フォルマ白金2F 白金台Hannari 内

PET-SPA 駒沢公園店

〒152-0023 東京都目黒区八雲4-11-1

4 & 2 経堂店

〒156-0051 東京都世田谷区宮坂3-1-20

４＆２梅ヶ丘店

〒154-0022 東京都世田谷区梅丘1-43-37

PET-SPA CARE+CURE 石神井公園

〒177-0041 東京都練馬区石神井町1-28-7

PET-SPA オリナス錦糸町店

〒130-0012 東京都墨田区太平4-1-2 オリナス錦糸町1F

PET-SPA 調布仙川店

〒182-0002 東京都調布市仙川町3-4-1 （いなげや調布仙川店 併設）

PET-SPA CARE+CURE ひばりヶ丘

〒202-0005 東京都西東京市住吉町3-9-19　

PET-SPA 町田店

〒194-0022 東京都町田市森野6-28-1"
"Setouchi Lemon Shampoo [20kg~]","瀬戸内レモンシャンプー【20kg～】","This product uses amino acid-based surfactants as its main ingredient, achieving a balance between moderate cleansing power and moisturizing properties.
It also contains collagen, leaving hair feeling soft and moisturized even without conditioner.","アミノ酸系の界面活性剤を主成分にし、適度な洗浄力と保湿力を両立。
コラーゲン配合で、リンス不使用でもしっとり","1650","15 minutes","https://res.cloudinary.com/dcrsau6jm/image/upload/v1780070983/option_lemon_mshxm8.jpg","Large","PET-SPA Takanawa Store

3-13-1 Takanawa, Minato-ku, Tokyo 108-0074, Japan (Located inside the Grand Prince Hotel Shin Takanawa, along Zakurozaka Street)

PET-SPA Kotobu Suna Store [NEW OPEN! June 3, 2026]

1F, Comforia Liv Minamisunamachi East, 7-1-2 Kitasuna, Koto-ku, Tokyo 136-0073

PET-SPA Platinum Street Store

〒108-0071 5-15-1 Shirokanedai, Minato-ku, Tokyo, Forma Shirokane 2F, inside Shirokanedai Hannari

PET-SPA Komazawa Park Store

4-11-1 Yakumo, Meguro-ku, Tokyo 152-0023

PET-SPA Bajikoen Store

1F, Grand Clair Bajikoen, 1-22-23 Kamiyoga, Setagaya-ku, Tokyo 158-0098, Japan

4 & 2 Kyodo Store

3-1-20 Miyasaka, Setagaya-ku, Tokyo 156-0051

4&2 Umegaoka Store

1-43-37 Umegaoka, Setagaya-ku, Tokyo 154-0022

PET-SPA CARE+CURE Shakujii Park

1-28-7 Shakujii-cho, Nerima-ku, Tokyo 177-0041

PET-SPA Orinas Kinshicho Store

1F Orinas Kinshicho, 4-1-2 Taihei, Sumida-ku, Tokyo 130-0012

PET-SPA Chofu Sengawa Store

3-4-1 Sengawa-cho, Chofu City, Tokyo 182-0002 (Located next to Inageya Chofu Sengawa store)

PET-SPA CARE+CURE Hibarigaoka

3-9-19 Sumiyoshi-cho, Nishitokyo-shi, Tokyo 202-0005　

PET-SPA Machida Store

6-28-1 Morino, Machida City, Tokyo 194-0022","PET-SPA 高輪店

〒108-0074 東京都港区高輪3-13-1 グランドプリンスホテル新高輪内（※ざくろ坂沿い）

PET-SPA 江東北砂店【2026年6月3日 NEW OPEN！】

〒136-0073 東京都江東区北砂7-1-2 コンフォリア・リヴ南砂町イースト 1階

PET-SPA 白金プラチナ通り店

〒108-0071 東京都港区白金台5-15-1 フォルマ白金2F 白金台Hannari 内

PET-SPA 駒沢公園店

〒152-0023 東京都目黒区八雲4-11-1

4 & 2 経堂店

〒156-0051 東京都世田谷区宮坂3-1-20

４＆２梅ヶ丘店

〒154-0022 東京都世田谷区梅丘1-43-37

PET-SPA CARE+CURE 石神井公園

〒177-0041 東京都練馬区石神井町1-28-7

PET-SPA オリナス錦糸町店

〒130-0012 東京都墨田区太平4-1-2 オリナス錦糸町1F

PET-SPA 調布仙川店

〒182-0002 東京都調布市仙川町3-4-1 （いなげや調布仙川店 併設）

PET-SPA CARE+CURE ひばりヶ丘

〒202-0005 東京都西東京市住吉町3-9-19　

PET-SPA 町田店

〒194-0022 東京都町田市森野6-28-1"
"Aomori Hiba Shampoo [~20kg]","青森ヒバシャンプー【～20kg】","A shampoo that leaves your pet's coat feeling refreshed.
Formulated with keratin, it leaves their coat smooth and healthy even without conditioner.","さっぱりとした洗い上がりのシャンプー。
ケラチン配合で、リンス不使用でもさらさらで、ハリがある被毛に。","1100","15 minutes","https://res.cloudinary.com/dcrsau6jm/image/upload/v1780071025/option_hiba_srunlc.jpg","Medium","PET-SPA Takanawa Store

3-13-1 Takanawa, Minato-ku, Tokyo 108-0074, Japan (Located inside the Grand Prince Hotel Shin Takanawa, along Zakurozaka Street)

PET-SPA Kotobu Suna Store [NEW OPEN! June 3, 2026]

1F, Comforia Liv Minamisunamachi East, 7-1-2 Kitasuna, Koto-ku, Tokyo 136-0073

PET-SPA Platinum Street Store

〒108-0071 5-15-1 Shirokanedai, Minato-ku, Tokyo, Forma Shirokane 2F, inside Shirokanedai Hannari

PET-SPA Komazawa Park Store

4-11-1 Yakumo, Meguro-ku, Tokyo 152-0023

PET-SPA Bajikoen Store

1F, Grand Clair Bajikoen, 1-22-23 Kamiyoga, Setagaya-ku, Tokyo 158-0098, Japan

4 & 2 Kyodo Store

3-1-20 Miyasaka, Setagaya-ku, Tokyo 156-0051

4&2 Umegaoka Store

1-43-37 Umegaoka, Setagaya-ku, Tokyo 154-0022

PET-SPA CARE+CURE Shakujii Park

1-28-7 Shakujii-cho, Nerima-ku, Tokyo 177-0041

PET-SPA Orinas Kinshicho Store

1F Orinas Kinshicho, 4-1-2 Taihei, Sumida-ku, Tokyo 130-0012

PET-SPA Chofu Sengawa Store

3-4-1 Sengawa-cho, Chofu City, Tokyo 182-0002 (Located next to Inageya Chofu Sengawa store)

PET-SPA CARE+CURE Hibarigaoka

3-9-19 Sumiyoshi-cho, Nishitokyo-shi, Tokyo 202-0005　

PET-SPA Machida Store

6-28-1 Morino, Machida City, Tokyo 194-0022","PET-SPA 高輪店

〒108-0074 東京都港区高輪3-13-1 グランドプリンスホテル新高輪内（※ざくろ坂沿い）

PET-SPA 江東北砂店【2026年6月3日 NEW OPEN！】

〒136-0073 東京都江東区北砂7-1-2 コンフォリア・リヴ南砂町イースト 1階

PET-SPA 白金プラチナ通り店

〒108-0071 東京都港区白金台5-15-1 フォルマ白金2F 白金台Hannari 内

PET-SPA 駒沢公園店

〒152-0023 東京都目黒区八雲4-11-1

4 & 2 経堂店

〒156-0051 東京都世田谷区宮坂3-1-20

４＆２梅ヶ丘店

〒154-0022 東京都世田谷区梅丘1-43-37

PET-SPA CARE+CURE 石神井公園

〒177-0041 東京都練馬区石神井町1-28-7

PET-SPA オリナス錦糸町店

〒130-0012 東京都墨田区太平4-1-2 オリナス錦糸町1F

PET-SPA 調布仙川店

〒182-0002 東京都調布市仙川町3-4-1 （いなげや調布仙川店 併設）

PET-SPA CARE+CURE ひばりヶ丘

〒202-0005 東京都西東京市住吉町3-9-19　

PET-SPA 町田店

〒194-0022 東京都町田市森野6-28-1"
"Aomori Hiba Shampoo [20kg~]","青森ヒバシャンプー【20kg～】","A shampoo that leaves your pet's coat feeling refreshed.
Formulated with keratin, it leaves their coat smooth and healthy even without conditioner.","さっぱりとした洗い上がりのシャンプー。
ケラチン配合で、リンス不使用でもさらさらで、ハリがある被毛に。","1650","15 minutes","https://res.cloudinary.com/dcrsau6jm/image/upload/v1780071025/option_hiba_srunlc.jpg","Large","PET-SPA Takanawa Store

3-13-1 Takanawa, Minato-ku, Tokyo 108-0074, Japan (Located inside the Grand Prince Hotel Shin Takanawa, along Zakurozaka Street)

PET-SPA Kotobu Suna Store [NEW OPEN! June 3, 2026]

1F, Comforia Liv Minamisunamachi East, 7-1-2 Kitasuna, Koto-ku, Tokyo 136-0073

PET-SPA Platinum Street Store

〒108-0071 5-15-1 Shirokanedai, Minato-ku, Tokyo, Forma Shirokane 2F, inside Shirokanedai Hannari

PET-SPA Komazawa Park Store

4-11-1 Yakumo, Meguro-ku, Tokyo 152-0023

PET-SPA Bajikoen Store

1F, Grand Clair Bajikoen, 1-22-23 Kamiyoga, Setagaya-ku, Tokyo 158-0098, Japan

4 & 2 Kyodo Store

3-1-20 Miyasaka, Setagaya-ku, Tokyo 156-0051

4&2 Umegaoka Store

1-43-37 Umegaoka, Setagaya-ku, Tokyo 154-0022

PET-SPA CARE+CURE Shakujii Park

1-28-7 Shakujii-cho, Nerima-ku, Tokyo 177-0041

PET-SPA Orinas Kinshicho Store

1F Orinas Kinshicho, 4-1-2 Taihei, Sumida-ku, Tokyo 130-0012

PET-SPA Chofu Sengawa Store

3-4-1 Sengawa-cho, Chofu City, Tokyo 182-0002 (Located next to Inageya Chofu Sengawa store)

PET-SPA CARE+CURE Hibarigaoka

3-9-19 Sumiyoshi-cho, Nishitokyo-shi, Tokyo 202-0005　

PET-SPA Machida Store

6-28-1 Morino, Machida City, Tokyo 194-0022","PET-SPA 高輪店

〒108-0074 東京都港区高輪3-13-1 グランドプリンスホテル新高輪内（※ざくろ坂沿い）

PET-SPA 江東北砂店【2026年6月3日 NEW OPEN！】

〒136-0073 東京都江東区北砂7-1-2 コンフォリア・リヴ南砂町イースト 1階

PET-SPA 白金プラチナ通り店

〒108-0071 東京都港区白金台5-15-1 フォルマ白金2F 白金台Hannari 内

PET-SPA 駒沢公園店

〒152-0023 東京都目黒区八雲4-11-1

4 & 2 経堂店

〒156-0051 東京都世田谷区宮坂3-1-20

４＆２梅ヶ丘店

〒154-0022 東京都世田谷区梅丘1-43-37

PET-SPA CARE+CURE 石神井公園

〒177-0041 東京都練馬区石神井町1-28-7

PET-SPA オリナス錦糸町店

〒130-0012 東京都墨田区太平4-1-2 オリナス錦糸町1F

PET-SPA 調布仙川店

〒182-0002 東京都調布市仙川町3-4-1 （いなげや調布仙川店 併設）

PET-SPA CARE+CURE ひばりヶ丘

〒202-0005 東京都西東京市住吉町3-9-19　

PET-SPA 町田店

〒194-0022 東京都町田市森野6-28-1"
"Paw Care [Small/Medium]","パウケア【小型・中型】","Use soaps, sprays, and creams specifically designed for paw pads to provide thorough moisturizing care.
For soft and supple paw pads.","肉球専用のソープ、スプレー、クリームを使ってしっかり保湿ケア。
ぷにゅぷにゅな肉球に。","550","15 minutes","https://res.cloudinary.com/dcrsau6jm/image/upload/v1780131230/option_pic07_glmpnx.jpg","Small/Medium","PET-SPA Takanawa Store

3-13-1 Takanawa, Minato-ku, Tokyo 108-0074, Japan (Located inside the Grand Prince Hotel Shin Takanawa, along Zakurozaka Street)

PET-SPA Kotobu Suna Store [NEW OPEN! June 3, 2026]

1F, Comforia Liv Minamisunamachi East, 7-1-2 Kitasuna, Koto-ku, Tokyo 136-0073

PET-SPA Platinum Street Store

〒108-0071 5-15-1 Shirokanedai, Minato-ku, Tokyo, Forma Shirokane 2F, inside Shirokanedai Hannari

PET-SPA Komazawa Park Store

4-11-1 Yakumo, Meguro-ku, Tokyo 152-0023

PET-SPA Bajikoen Store

1F, Grand Clair Bajikoen, 1-22-23 Kamiyoga, Setagaya-ku, Tokyo 158-0098, Japan

4 & 2 Kyodo Store

3-1-20 Miyasaka, Setagaya-ku, Tokyo 156-0051

4&2 Umegaoka Store

1-43-37 Umegaoka, Setagaya-ku, Tokyo 154-0022

PET-SPA CARE+CURE Shakujii Park

1-28-7 Shakujii-cho, Nerima-ku, Tokyo 177-0041

PET-SPA Orinas Kinshicho Store

1F Orinas Kinshicho, 4-1-2 Taihei, Sumida-ku, Tokyo 130-0012

PET-SPA Chofu Sengawa Store

3-4-1 Sengawa-cho, Chofu City, Tokyo 182-0002 (Located next to Inageya Chofu Sengawa store)

PET-SPA CARE+CURE Hibarigaoka

3-9-19 Sumiyoshi-cho, Nishitokyo-shi, Tokyo 202-0005　

PET-SPA Machida Store

6-28-1 Morino, Machida City, Tokyo 194-0022","PET-SPA 高輪店

〒108-0074 東京都港区高輪3-13-1 グランドプリンスホテル新高輪内（※ざくろ坂沿い）

PET-SPA 江東北砂店【2026年6月3日 NEW OPEN！】

〒136-0073 東京都江東区北砂7-1-2 コンフォリア・リヴ南砂町イースト 1階

PET-SPA 白金プラチナ通り店

〒108-0071 東京都港区白金台5-15-1 フォルマ白金2F 白金台Hannari 内

PET-SPA 駒沢公園店

〒152-0023 東京都目黒区八雲4-11-1

4 & 2 経堂店

〒156-0051 東京都世田谷区宮坂3-1-20

４＆２梅ヶ丘店

〒154-0022 東京都世田谷区梅丘1-43-37

PET-SPA CARE+CURE 石神井公園

〒177-0041 東京都練馬区石神井町1-28-7

PET-SPA オリナス錦糸町店

〒130-0012 東京都墨田区太平4-1-2 オリナス錦糸町1F

PET-SPA 調布仙川店

〒182-0002 東京都調布市仙川町3-4-1 （いなげや調布仙川店 併設）

PET-SPA CARE+CURE ひばりヶ丘

〒202-0005 東京都西東京市住吉町3-9-19　

PET-SPA 町田店

〒194-0022 東京都町田市森野6-28-1"
"Paw Care [Large]","パウケア 【大型】","Use soaps, sprays, and creams specifically designed for paw pads to provide thorough moisturizing care.
For soft and supple paw pads.","肉球専用のソープ、スプレー、クリームを使ってしっかり保湿ケア。
ぷにゅぷにゅな肉球に。","1100","15 minutes","https://res.cloudinary.com/dcrsau6jm/image/upload/v1780131230/option_pic07_glmpnx.jpg","Large","PET-SPA Takanawa Store

3-13-1 Takanawa, Minato-ku, Tokyo 108-0074, Japan (Located inside the Grand Prince Hotel Shin Takanawa, along Zakurozaka Street)

PET-SPA Kotobu Suna Store [NEW OPEN! June 3, 2026]

1F, Comforia Liv Minamisunamachi East, 7-1-2 Kitasuna, Koto-ku, Tokyo 136-0073

PET-SPA Platinum Street Store

〒108-0071 5-15-1 Shirokanedai, Minato-ku, Tokyo, Forma Shirokane 2F, inside Shirokanedai Hannari

PET-SPA Komazawa Park Store

4-11-1 Yakumo, Meguro-ku, Tokyo 152-0023

PET-SPA Bajikoen Store

1F, Grand Clair Bajikoen, 1-22-23 Kamiyoga, Setagaya-ku, Tokyo 158-0098, Japan

4 & 2 Kyodo Store

3-1-20 Miyasaka, Setagaya-ku, Tokyo 156-0051

4&2 Umegaoka Store

1-43-37 Umegaoka, Setagaya-ku, Tokyo 154-0022

PET-SPA CARE+CURE Shakujii Park

1-28-7 Shakujii-cho, Nerima-ku, Tokyo 177-0041

PET-SPA Orinas Kinshicho Store

1F Orinas Kinshicho, 4-1-2 Taihei, Sumida-ku, Tokyo 130-0012

PET-SPA Chofu Sengawa Store

3-4-1 Sengawa-cho, Chofu City, Tokyo 182-0002 (Located next to Inageya Chofu Sengawa store)

PET-SPA CARE+CURE Hibarigaoka

3-9-19 Sumiyoshi-cho, Nishitokyo-shi, Tokyo 202-0005　

PET-SPA Machida Store

6-28-1 Morino, Machida City, Tokyo 194-0022","PET-SPA 高輪店

〒108-0074 東京都港区高輪3-13-1 グランドプリンスホテル新高輪内（※ざくろ坂沿い）

PET-SPA 江東北砂店【2026年6月3日 NEW OPEN！】

〒136-0073 東京都江東区北砂7-1-2 コンフォリア・リヴ南砂町イースト 1階

PET-SPA 白金プラチナ通り店

〒108-0071 東京都港区白金台5-15-1 フォルマ白金2F 白金台Hannari 内

PET-SPA 駒沢公園店

〒152-0023 東京都目黒区八雲4-11-1

4 & 2 経堂店

〒156-0051 東京都世田谷区宮坂3-1-20

４＆２梅ヶ丘店

〒154-0022 東京都世田谷区梅丘1-43-37

PET-SPA CARE+CURE 石神井公園

〒177-0041 東京都練馬区石神井町1-28-7

PET-SPA オリナス錦糸町店

〒130-0012 東京都墨田区太平4-1-2 オリナス錦糸町1F

PET-SPA 調布仙川店

〒182-0002 東京都調布市仙川町3-4-1 （いなげや調布仙川店 併設）

PET-SPA CARE+CURE ひばりヶ丘

〒202-0005 東京都西東京市住吉町3-9-19　

PET-SPA 町田店

〒194-0022 東京都町田市森野6-28-1"
"Dental Care [All dog breeds]","デンタルケア【全犬種】","We use dental paste to gently care for your mouth.","デンタルペーストを使用し、やさしくお口のケアを行います。","550","15 minutes","https://res.cloudinary.com/dcrsau6jm/image/upload/v1780131277/option_pic08_quhg9e.jpg","All","PET-SPA Takanawa Store

3-13-1 Takanawa, Minato-ku, Tokyo 108-0074, Japan (Located inside the Grand Prince Hotel Shin Takanawa, along Zakurozaka Street)

PET-SPA Kotobu Suna Store [NEW OPEN! June 3, 2026]

1F, Comforia Liv Minamisunamachi East, 7-1-2 Kitasuna, Koto-ku, Tokyo 136-0073

PET-SPA Platinum Street Store

〒108-0071 5-15-1 Shirokanedai, Minato-ku, Tokyo, Forma Shirokane 2F, inside Shirokanedai Hannari

PET-SPA Komazawa Park Store

4-11-1 Yakumo, Meguro-ku, Tokyo 152-0023

PET-SPA Bajikoen Store

1F, Grand Clair Bajikoen, 1-22-23 Kamiyoga, Setagaya-ku, Tokyo 158-0098, Japan

4 & 2 Kyodo Store

3-1-20 Miyasaka, Setagaya-ku, Tokyo 156-0051

4&2 Umegaoka Store

1-43-37 Umegaoka, Setagaya-ku, Tokyo 154-0022

PET-SPA CARE+CURE Shakujii Park

1-28-7 Shakujii-cho, Nerima-ku, Tokyo 177-0041

PET-SPA Orinas Kinshicho Store

1F Orinas Kinshicho, 4-1-2 Taihei, Sumida-ku, Tokyo 130-0012

PET-SPA Chofu Sengawa Store

3-4-1 Sengawa-cho, Chofu City, Tokyo 182-0002 (Located next to Inageya Chofu Sengawa store)

PET-SPA CARE+CURE Hibarigaoka

3-9-19 Sumiyoshi-cho, Nishitokyo-shi, Tokyo 202-0005　

PET-SPA Machida Store

6-28-1 Morino, Machida City, Tokyo 194-0022","PET-SPA 高輪店

〒108-0074 東京都港区高輪3-13-1 グランドプリンスホテル新高輪内（※ざくろ坂沿い）

PET-SPA 江東北砂店【2026年6月3日 NEW OPEN！】

〒136-0073 東京都江東区北砂7-1-2 コンフォリア・リヴ南砂町イースト 1階

PET-SPA 白金プラチナ通り店

〒108-0071 東京都港区白金台5-15-1 フォルマ白金2F 白金台Hannari 内

PET-SPA 駒沢公園店

〒152-0023 東京都目黒区八雲4-11-1

4 & 2 経堂店

〒156-0051 東京都世田谷区宮坂3-1-20

４＆２梅ヶ丘店

〒154-0022 東京都世田谷区梅丘1-43-37

PET-SPA CARE+CURE 石神井公園

〒177-0041 東京都練馬区石神井町1-28-7

PET-SPA オリナス錦糸町店

〒130-0012 東京都墨田区太平4-1-2 オリナス錦糸町1F

PET-SPA 調布仙川店

〒182-0002 東京都調布市仙川町3-4-1 （いなげや調布仙川店 併設）

PET-SPA CARE+CURE ひばりヶ丘

〒202-0005 東京都西東京市住吉町3-9-19　

PET-SPA 町田店

〒194-0022 東京都町田市森野6-28-1"
"Raking [~5kg]","レーキング【～5kg】","We use specialized equipment to remove any undercoat that wasn't completely shed during molting.","換毛で抜けきれなかったアンダーコートを、専用器具で処理します。

","2200","15 minutes","https://res.cloudinary.com/dcrsau6jm/image/upload/v1780131326/raking_tm4vsk.jpg","Small","PET-SPA Takanawa Store

3-13-1 Takanawa, Minato-ku, Tokyo 108-0074, Japan (Located inside the Grand Prince Hotel Shin Takanawa, along Zakurozaka Street)

PET-SPA Kotobu Suna Store [NEW OPEN! June 3, 2026]

1F, Comforia Liv Minamisunamachi East, 7-1-2 Kitasuna, Koto-ku, Tokyo 136-0073

PET-SPA Platinum Street Store

〒108-0071 5-15-1 Shirokanedai, Minato-ku, Tokyo, Forma Shirokane 2F, inside Shirokanedai Hannari

PET-SPA Komazawa Park Store

4-11-1 Yakumo, Meguro-ku, Tokyo 152-0023

PET-SPA Bajikoen Store

1F, Grand Clair Bajikoen, 1-22-23 Kamiyoga, Setagaya-ku, Tokyo 158-0098, Japan

4 & 2 Kyodo Store

3-1-20 Miyasaka, Setagaya-ku, Tokyo 156-0051

4&2 Umegaoka Store

1-43-37 Umegaoka, Setagaya-ku, Tokyo 154-0022

PET-SPA CARE+CURE Shakujii Park

1-28-7 Shakujii-cho, Nerima-ku, Tokyo 177-0041

PET-SPA Orinas Kinshicho Store

1F Orinas Kinshicho, 4-1-2 Taihei, Sumida-ku, Tokyo 130-0012

PET-SPA Chofu Sengawa Store

3-4-1 Sengawa-cho, Chofu City, Tokyo 182-0002 (Located next to Inageya Chofu Sengawa store)

PET-SPA CARE+CURE Hibarigaoka

3-9-19 Sumiyoshi-cho, Nishitokyo-shi, Tokyo 202-0005　

PET-SPA Machida Store

6-28-1 Morino, Machida City, Tokyo 194-0022","PET-SPA 高輪店

〒108-0074 東京都港区高輪3-13-1 グランドプリンスホテル新高輪内（※ざくろ坂沿い）

PET-SPA 江東北砂店【2026年6月3日 NEW OPEN！】

〒136-0073 東京都江東区北砂7-1-2 コンフォリア・リヴ南砂町イースト 1階

PET-SPA 白金プラチナ通り店

〒108-0071 東京都港区白金台5-15-1 フォルマ白金2F 白金台Hannari 内

PET-SPA 駒沢公園店

〒152-0023 東京都目黒区八雲4-11-1

4 & 2 経堂店

〒156-0051 東京都世田谷区宮坂3-1-20

４＆２梅ヶ丘店

〒154-0022 東京都世田谷区梅丘1-43-37

PET-SPA CARE+CURE 石神井公園

〒177-0041 東京都練馬区石神井町1-28-7

PET-SPA オリナス錦糸町店

〒130-0012 東京都墨田区太平4-1-2 オリナス錦糸町1F

PET-SPA 調布仙川店

〒182-0002 東京都調布市仙川町3-4-1 （いなげや調布仙川店 併設）

PET-SPA CARE+CURE ひばりヶ丘

〒202-0005 東京都西東京市住吉町3-9-19　

PET-SPA 町田店

〒194-0022 東京都町田市森野6-28-1"
"Raking [~9kg]","レーキング【～9kg】","We use specialized equipment to remove any undercoat that wasn't completely shed during molting.","換毛で抜けきれなかったアンダーコートを、専用器具で処理します。

","2750","15 minutes","https://res.cloudinary.com/dcrsau6jm/image/upload/v1780131326/raking_tm4vsk.jpg","Small","PET-SPA Takanawa Store

3-13-1 Takanawa, Minato-ku, Tokyo 108-0074, Japan (Located inside the Grand Prince Hotel Shin Takanawa, along Zakurozaka Street)

PET-SPA Kotobu Suna Store [NEW OPEN! June 3, 2026]

1F, Comforia Liv Minamisunamachi East, 7-1-2 Kitasuna, Koto-ku, Tokyo 136-0073

PET-SPA Platinum Street Store

〒108-0071 5-15-1 Shirokanedai, Minato-ku, Tokyo, Forma Shirokane 2F, inside Shirokanedai Hannari

PET-SPA Komazawa Park Store

4-11-1 Yakumo, Meguro-ku, Tokyo 152-0023

PET-SPA Bajikoen Store

1F, Grand Clair Bajikoen, 1-22-23 Kamiyoga, Setagaya-ku, Tokyo 158-0098, Japan

4 & 2 Kyodo Store

3-1-20 Miyasaka, Setagaya-ku, Tokyo 156-0051

4&2 Umegaoka Store

1-43-37 Umegaoka, Setagaya-ku, Tokyo 154-0022

PET-SPA CARE+CURE Shakujii Park

1-28-7 Shakujii-cho, Nerima-ku, Tokyo 177-0041

PET-SPA Orinas Kinshicho Store

1F Orinas Kinshicho, 4-1-2 Taihei, Sumida-ku, Tokyo 130-0012

PET-SPA Chofu Sengawa Store

3-4-1 Sengawa-cho, Chofu City, Tokyo 182-0002 (Located next to Inageya Chofu Sengawa store)

PET-SPA CARE+CURE Hibarigaoka

3-9-19 Sumiyoshi-cho, Nishitokyo-shi, Tokyo 202-0005　

PET-SPA Machida Store

6-28-1 Morino, Machida City, Tokyo 194-0022","PET-SPA 高輪店

〒108-0074 東京都港区高輪3-13-1 グランドプリンスホテル新高輪内（※ざくろ坂沿い）

PET-SPA 江東北砂店【2026年6月3日 NEW OPEN！】

〒136-0073 東京都江東区北砂7-1-2 コンフォリア・リヴ南砂町イースト 1階

PET-SPA 白金プラチナ通り店

〒108-0071 東京都港区白金台5-15-1 フォルマ白金2F 白金台Hannari 内

PET-SPA 駒沢公園店

〒152-0023 東京都目黒区八雲4-11-1

4 & 2 経堂店

〒156-0051 東京都世田谷区宮坂3-1-20

４＆２梅ヶ丘店

〒154-0022 東京都世田谷区梅丘1-43-37

PET-SPA CARE+CURE 石神井公園

〒177-0041 東京都練馬区石神井町1-28-7

PET-SPA オリナス錦糸町店

〒130-0012 東京都墨田区太平4-1-2 オリナス錦糸町1F

PET-SPA 調布仙川店

〒182-0002 東京都調布市仙川町3-4-1 （いなげや調布仙川店 併設）

PET-SPA CARE+CURE ひばりヶ丘

〒202-0005 東京都西東京市住吉町3-9-19　

PET-SPA 町田店

〒194-0022 東京都町田市森野6-28-1"
"Raking [~15kg]","レーキング【～15kg】","We use specialized equipment to remove any undercoat that wasn't completely shed during molting.","換毛で抜けきれなかったアンダーコートを、専用器具で処理します。

","3850","15 minutes","https://res.cloudinary.com/dcrsau6jm/image/upload/v1780131326/raking_tm4vsk.jpg","Medium","PET-SPA Takanawa Store

3-13-1 Takanawa, Minato-ku, Tokyo 108-0074, Japan (Located inside the Grand Prince Hotel Shin Takanawa, along Zakurozaka Street)

PET-SPA Kotobu Suna Store [NEW OPEN! June 3, 2026]

1F, Comforia Liv Minamisunamachi East, 7-1-2 Kitasuna, Koto-ku, Tokyo 136-0073

PET-SPA Platinum Street Store

〒108-0071 5-15-1 Shirokanedai, Minato-ku, Tokyo, Forma Shirokane 2F, inside Shirokanedai Hannari

PET-SPA Komazawa Park Store

4-11-1 Yakumo, Meguro-ku, Tokyo 152-0023

PET-SPA Bajikoen Store

1F, Grand Clair Bajikoen, 1-22-23 Kamiyoga, Setagaya-ku, Tokyo 158-0098, Japan

4 & 2 Kyodo Store

3-1-20 Miyasaka, Setagaya-ku, Tokyo 156-0051

4&2 Umegaoka Store

1-43-37 Umegaoka, Setagaya-ku, Tokyo 154-0022

PET-SPA CARE+CURE Shakujii Park

1-28-7 Shakujii-cho, Nerima-ku, Tokyo 177-0041

PET-SPA Orinas Kinshicho Store

1F Orinas Kinshicho, 4-1-2 Taihei, Sumida-ku, Tokyo 130-0012

PET-SPA Chofu Sengawa Store

3-4-1 Sengawa-cho, Chofu City, Tokyo 182-0002 (Located next to Inageya Chofu Sengawa store)

PET-SPA CARE+CURE Hibarigaoka

3-9-19 Sumiyoshi-cho, Nishitokyo-shi, Tokyo 202-0005　

PET-SPA Machida Store

6-28-1 Morino, Machida City, Tokyo 194-0022","PET-SPA 高輪店

〒108-0074 東京都港区高輪3-13-1 グランドプリンスホテル新高輪内（※ざくろ坂沿い）

PET-SPA 江東北砂店【2026年6月3日 NEW OPEN！】

〒136-0073 東京都江東区北砂7-1-2 コンフォリア・リヴ南砂町イースト 1階

PET-SPA 白金プラチナ通り店

〒108-0071 東京都港区白金台5-15-1 フォルマ白金2F 白金台Hannari 内

PET-SPA 駒沢公園店

〒152-0023 東京都目黒区八雲4-11-1

4 & 2 経堂店

〒156-0051 東京都世田谷区宮坂3-1-20

４＆２梅ヶ丘店

〒154-0022 東京都世田谷区梅丘1-43-37

PET-SPA CARE+CURE 石神井公園

〒177-0041 東京都練馬区石神井町1-28-7

PET-SPA オリナス錦糸町店

〒130-0012 東京都墨田区太平4-1-2 オリナス錦糸町1F

PET-SPA 調布仙川店

〒182-0002 東京都調布市仙川町3-4-1 （いなげや調布仙川店 併設）

PET-SPA CARE+CURE ひばりヶ丘

〒202-0005 東京都西東京市住吉町3-9-19　

PET-SPA 町田店

〒194-0022 東京都町田市森野6-28-1"
"Raking [~20kg] ","レーキング【～20kg】","We use specialized equipment to remove any undercoat that wasn't completely shed during molting.","換毛で抜けきれなかったアンダーコートを、専用器具で処理します。

","4400","15 minutes","https://res.cloudinary.com/dcrsau6jm/image/upload/v1780131326/raking_tm4vsk.jpg","Medium","PET-SPA Takanawa Store

3-13-1 Takanawa, Minato-ku, Tokyo 108-0074, Japan (Located inside the Grand Prince Hotel Shin Takanawa, along Zakurozaka Street)

PET-SPA Kotobu Suna Store [NEW OPEN! June 3, 2026]

1F, Comforia Liv Minamisunamachi East, 7-1-2 Kitasuna, Koto-ku, Tokyo 136-0073

PET-SPA Platinum Street Store

〒108-0071 5-15-1 Shirokanedai, Minato-ku, Tokyo, Forma Shirokane 2F, inside Shirokanedai Hannari

PET-SPA Komazawa Park Store

4-11-1 Yakumo, Meguro-ku, Tokyo 152-0023

PET-SPA Bajikoen Store

1F, Grand Clair Bajikoen, 1-22-23 Kamiyoga, Setagaya-ku, Tokyo 158-0098, Japan

4 & 2 Kyodo Store

3-1-20 Miyasaka, Setagaya-ku, Tokyo 156-0051

4&2 Umegaoka Store

1-43-37 Umegaoka, Setagaya-ku, Tokyo 154-0022

PET-SPA CARE+CURE Shakujii Park

1-28-7 Shakujii-cho, Nerima-ku, Tokyo 177-0041

PET-SPA Orinas Kinshicho Store

1F Orinas Kinshicho, 4-1-2 Taihei, Sumida-ku, Tokyo 130-0012

PET-SPA Chofu Sengawa Store

3-4-1 Sengawa-cho, Chofu City, Tokyo 182-0002 (Located next to Inageya Chofu Sengawa store)

PET-SPA CARE+CURE Hibarigaoka

3-9-19 Sumiyoshi-cho, Nishitokyo-shi, Tokyo 202-0005　

PET-SPA Machida Store

6-28-1 Morino, Machida City, Tokyo 194-0022","PET-SPA 高輪店

〒108-0074 東京都港区高輪3-13-1 グランドプリンスホテル新高輪内（※ざくろ坂沿い）

PET-SPA 江東北砂店【2026年6月3日 NEW OPEN！】

〒136-0073 東京都江東区北砂7-1-2 コンフォリア・リヴ南砂町イースト 1階

PET-SPA 白金プラチナ通り店

〒108-0071 東京都港区白金台5-15-1 フォルマ白金2F 白金台Hannari 内

PET-SPA 駒沢公園店

〒152-0023 東京都目黒区八雲4-11-1

4 & 2 経堂店

〒156-0051 東京都世田谷区宮坂3-1-20

４＆２梅ヶ丘店

〒154-0022 東京都世田谷区梅丘1-43-37

PET-SPA CARE+CURE 石神井公園

〒177-0041 東京都練馬区石神井町1-28-7

PET-SPA オリナス錦糸町店

〒130-0012 東京都墨田区太平4-1-2 オリナス錦糸町1F

PET-SPA 調布仙川店

〒182-0002 東京都調布市仙川町3-4-1 （いなげや調布仙川店 併設）

PET-SPA CARE+CURE ひばりヶ丘

〒202-0005 東京都西東京市住吉町3-9-19　

PET-SPA 町田店

〒194-0022 東京都町田市森野6-28-1"
"Raking [20kg~]","レーキング【20kg～】","We use specialized equipment to remove any undercoat that wasn't completely shed during molting.","換毛で抜けきれなかったアンダーコートを、専用器具で処理します。

","5500","15 minutes","https://res.cloudinary.com/dcrsau6jm/image/upload/v1780131326/raking_tm4vsk.jpg","Large","PET-SPA Takanawa Store

3-13-1 Takanawa, Minato-ku, Tokyo 108-0074, Japan (Located inside the Grand Prince Hotel Shin Takanawa, along Zakurozaka Street)

PET-SPA Kotobu Suna Store [NEW OPEN! June 3, 2026]

1F, Comforia Liv Minamisunamachi East, 7-1-2 Kitasuna, Koto-ku, Tokyo 136-0073

PET-SPA Platinum Street Store

〒108-0071 5-15-1 Shirokanedai, Minato-ku, Tokyo, Forma Shirokane 2F, inside Shirokanedai Hannari

PET-SPA Komazawa Park Store

4-11-1 Yakumo, Meguro-ku, Tokyo 152-0023

PET-SPA Bajikoen Store

1F, Grand Clair Bajikoen, 1-22-23 Kamiyoga, Setagaya-ku, Tokyo 158-0098, Japan

4 & 2 Kyodo Store

3-1-20 Miyasaka, Setagaya-ku, Tokyo 156-0051

4&2 Umegaoka Store

1-43-37 Umegaoka, Setagaya-ku, Tokyo 154-0022

PET-SPA CARE+CURE Shakujii Park

1-28-7 Shakujii-cho, Nerima-ku, Tokyo 177-0041

PET-SPA Orinas Kinshicho Store

1F Orinas Kinshicho, 4-1-2 Taihei, Sumida-ku, Tokyo 130-0012

PET-SPA Chofu Sengawa Store

3-4-1 Sengawa-cho, Chofu City, Tokyo 182-0002 (Located next to Inageya Chofu Sengawa store)

PET-SPA CARE+CURE Hibarigaoka

3-9-19 Sumiyoshi-cho, Nishitokyo-shi, Tokyo 202-0005　

PET-SPA Machida Store

6-28-1 Morino, Machida City, Tokyo 194-0022","PET-SPA 高輪店

〒108-0074 東京都港区高輪3-13-1 グランドプリンスホテル新高輪内（※ざくろ坂沿い）

PET-SPA 江東北砂店【2026年6月3日 NEW OPEN！】

〒136-0073 東京都江東区北砂7-1-2 コンフォリア・リヴ南砂町イースト 1階

PET-SPA 白金プラチナ通り店

〒108-0071 東京都港区白金台5-15-1 フォルマ白金2F 白金台Hannari 内

PET-SPA 駒沢公園店

〒152-0023 東京都目黒区八雲4-11-1

4 & 2 経堂店

〒156-0051 東京都世田谷区宮坂3-1-20

４＆２梅ヶ丘店

〒154-0022 東京都世田谷区梅丘1-43-37

PET-SPA CARE+CURE 石神井公園

〒177-0041 東京都練馬区石神井町1-28-7

PET-SPA オリナス錦糸町店

〒130-0012 東京都墨田区太平4-1-2 オリナス錦糸町1F

PET-SPA 調布仙川店

〒182-0002 東京都調布市仙川町3-4-1 （いなげや調布仙川店 併設）

PET-SPA CARE+CURE ひばりヶ丘

〒202-0005 東京都西東京市住吉町3-9-19　

PET-SPA 町田店

〒194-0022 東京都町田市森野6-28-1"
"Plucking Ear Hairs [All dog breeds]","耳毛抜き【全犬種】","We remove any excess hair growing inside the ears.","耳の中に生えている余分な毛を取り除きます。","550","10 minutes","","All","PET-SPA Takanawa Store

3-13-1 Takanawa, Minato-ku, Tokyo 108-0074, Japan (Located inside the Grand Prince Hotel Shin Takanawa, along Zakurozaka Street)

PET-SPA Kotobu Suna Store [NEW OPEN! June 3, 2026]

1F, Comforia Liv Minamisunamachi East, 7-1-2 Kitasuna, Koto-ku, Tokyo 136-0073

PET-SPA Platinum Street Store

〒108-0071 5-15-1 Shirokanedai, Minato-ku, Tokyo, Forma Shirokane 2F, inside Shirokanedai Hannari

PET-SPA Komazawa Park Store

4-11-1 Yakumo, Meguro-ku, Tokyo 152-0023

PET-SPA Bajikoen Store

1F, Grand Clair Bajikoen, 1-22-23 Kamiyoga, Setagaya-ku, Tokyo 158-0098, Japan

4 & 2 Kyodo Store

3-1-20 Miyasaka, Setagaya-ku, Tokyo 156-0051

4&2 Umegaoka Store

1-43-37 Umegaoka, Setagaya-ku, Tokyo 154-0022

PET-SPA CARE+CURE Shakujii Park

1-28-7 Shakujii-cho, Nerima-ku, Tokyo 177-0041

PET-SPA Orinas Kinshicho Store

1F Orinas Kinshicho, 4-1-2 Taihei, Sumida-ku, Tokyo 130-0012

PET-SPA Chofu Sengawa Store

3-4-1 Sengawa-cho, Chofu City, Tokyo 182-0002 (Located next to Inageya Chofu Sengawa store)

PET-SPA CARE+CURE Hibarigaoka

3-9-19 Sumiyoshi-cho, Nishitokyo-shi, Tokyo 202-0005　

PET-SPA Machida Store

6-28-1 Morino, Machida City, Tokyo 194-0022","PET-SPA 高輪店

〒108-0074 東京都港区高輪3-13-1 グランドプリンスホテル新高輪内（※ざくろ坂沿い）

PET-SPA 江東北砂店【2026年6月3日 NEW OPEN！】

〒136-0073 東京都江東区北砂7-1-2 コンフォリア・リヴ南砂町イースト 1階

PET-SPA 白金プラチナ通り店

〒108-0071 東京都港区白金台5-15-1 フォルマ白金2F 白金台Hannari 内

PET-SPA 駒沢公園店

〒152-0023 東京都目黒区八雲4-11-1

4 & 2 経堂店

〒156-0051 東京都世田谷区宮坂3-1-20

４＆２梅ヶ丘店

〒154-0022 東京都世田谷区梅丘1-43-37

PET-SPA CARE+CURE 石神井公園

〒177-0041 東京都練馬区石神井町1-28-7

PET-SPA オリナス錦糸町店

〒130-0012 東京都墨田区太平4-1-2 オリナス錦糸町1F

PET-SPA 調布仙川店

〒182-0002 東京都調布市仙川町3-4-1 （いなげや調布仙川店 併設）

PET-SPA CARE+CURE ひばりヶ丘

〒202-0005 東京都西東京市住吉町3-9-19　

PET-SPA 町田店

〒194-0022 東京都町田市森野6-28-1"
"Decorative Cut [Small/Medium]","デコレーションカット【小型・中型】","For those who want to bring out their individuality and enjoy fashion.","個性を引き出し、おしゃれを楽しみたい方へ。","550","15 minutes","","Small/Medium","PET-SPA Takanawa Store

3-13-1 Takanawa, Minato-ku, Tokyo 108-0074, Japan (Located inside the Grand Prince Hotel Shin Takanawa, along Zakurozaka Street)

PET-SPA Kotobu Suna Store [NEW OPEN! June 3, 2026]

1F, Comforia Liv Minamisunamachi East, 7-1-2 Kitasuna, Koto-ku, Tokyo 136-0073

PET-SPA Platinum Street Store

〒108-0071 5-15-1 Shirokanedai, Minato-ku, Tokyo, Forma Shirokane 2F, inside Shirokanedai Hannari

PET-SPA Komazawa Park Store

4-11-1 Yakumo, Meguro-ku, Tokyo 152-0023

PET-SPA Bajikoen Store

1F, Grand Clair Bajikoen, 1-22-23 Kamiyoga, Setagaya-ku, Tokyo 158-0098, Japan

4 & 2 Kyodo Store

3-1-20 Miyasaka, Setagaya-ku, Tokyo 156-0051

4&2 Umegaoka Store

1-43-37 Umegaoka, Setagaya-ku, Tokyo 154-0022

PET-SPA CARE+CURE Shakujii Park

1-28-7 Shakujii-cho, Nerima-ku, Tokyo 177-0041

PET-SPA Orinas Kinshicho Store

1F Orinas Kinshicho, 4-1-2 Taihei, Sumida-ku, Tokyo 130-0012

PET-SPA Chofu Sengawa Store

3-4-1 Sengawa-cho, Chofu City, Tokyo 182-0002 (Located next to Inageya Chofu Sengawa store)

PET-SPA CARE+CURE Hibarigaoka

3-9-19 Sumiyoshi-cho, Nishitokyo-shi, Tokyo 202-0005　

PET-SPA Machida Store

6-28-1 Morino, Machida City, Tokyo 194-0022","PET-SPA 高輪店

〒108-0074 東京都港区高輪3-13-1 グランドプリンスホテル新高輪内（※ざくろ坂沿い）

PET-SPA 江東北砂店【2026年6月3日 NEW OPEN！】

〒136-0073 東京都江東区北砂7-1-2 コンフォリア・リヴ南砂町イースト 1階

PET-SPA 白金プラチナ通り店

〒108-0071 東京都港区白金台5-15-1 フォルマ白金2F 白金台Hannari 内

PET-SPA 駒沢公園店

〒152-0023 東京都目黒区八雲4-11-1

4 & 2 経堂店

〒156-0051 東京都世田谷区宮坂3-1-20

４＆２梅ヶ丘店

〒154-0022 東京都世田谷区梅丘1-43-37

PET-SPA CARE+CURE 石神井公園

〒177-0041 東京都練馬区石神井町1-28-7

PET-SPA オリナス錦糸町店

〒130-0012 東京都墨田区太平4-1-2 オリナス錦糸町1F

PET-SPA 調布仙川店

〒182-0002 東京都調布市仙川町3-4-1 （いなげや調布仙川店 併設）

PET-SPA CARE+CURE ひばりヶ丘

〒202-0005 東京都西東京市住吉町3-9-19　

PET-SPA 町田店

〒194-0022 東京都町田市森野6-28-1"
"Decorative Cut [Large]","デコレーションカット【大型】","For those who want to bring out their individuality and enjoy fashion.","個性を引き出し、おしゃれを楽しみたい方へ。","1100","15 minutes","","Large","PET-SPA Takanawa Store

3-13-1 Takanawa, Minato-ku, Tokyo 108-0074, Japan (Located inside the Grand Prince Hotel Shin Takanawa, along Zakurozaka Street)

PET-SPA Kotobu Suna Store [NEW OPEN! June 3, 2026]

1F, Comforia Liv Minamisunamachi East, 7-1-2 Kitasuna, Koto-ku, Tokyo 136-0073

PET-SPA Platinum Street Store

〒108-0071 5-15-1 Shirokanedai, Minato-ku, Tokyo, Forma Shirokane 2F, inside Shirokanedai Hannari

PET-SPA Komazawa Park Store

4-11-1 Yakumo, Meguro-ku, Tokyo 152-0023

PET-SPA Bajikoen Store

1F, Grand Clair Bajikoen, 1-22-23 Kamiyoga, Setagaya-ku, Tokyo 158-0098, Japan

4 & 2 Kyodo Store

3-1-20 Miyasaka, Setagaya-ku, Tokyo 156-0051

4&2 Umegaoka Store

1-43-37 Umegaoka, Setagaya-ku, Tokyo 154-0022

PET-SPA CARE+CURE Shakujii Park

1-28-7 Shakujii-cho, Nerima-ku, Tokyo 177-0041

PET-SPA Orinas Kinshicho Store

1F Orinas Kinshicho, 4-1-2 Taihei, Sumida-ku, Tokyo 130-0012

PET-SPA Chofu Sengawa Store

3-4-1 Sengawa-cho, Chofu City, Tokyo 182-0002 (Located next to Inageya Chofu Sengawa store)

PET-SPA CARE+CURE Hibarigaoka

3-9-19 Sumiyoshi-cho, Nishitokyo-shi, Tokyo 202-0005　

PET-SPA Machida Store

6-28-1 Morino, Machida City, Tokyo 194-0022","PET-SPA 高輪店

〒108-0074 東京都港区高輪3-13-1 グランドプリンスホテル新高輪内（※ざくろ坂沿い）

PET-SPA 江東北砂店【2026年6月3日 NEW OPEN！】

〒136-0073 東京都江東区北砂7-1-2 コンフォリア・リヴ南砂町イースト 1階

PET-SPA 白金プラチナ通り店

〒108-0071 東京都港区白金台5-15-1 フォルマ白金2F 白金台Hannari 内

PET-SPA 駒沢公園店

〒152-0023 東京都目黒区八雲4-11-1

4 & 2 経堂店

〒156-0051 東京都世田谷区宮坂3-1-20

４＆２梅ヶ丘店

〒154-0022 東京都世田谷区梅丘1-43-37

PET-SPA CARE+CURE 石神井公園

〒177-0041 東京都練馬区石神井町1-28-7

PET-SPA オリナス錦糸町店

〒130-0012 東京都墨田区太平4-1-2 オリナス錦糸町1F

PET-SPA 調布仙川店

〒182-0002 東京都調布市仙川町3-4-1 （いなげや調布仙川店 併設）

PET-SPA CARE+CURE ひばりヶ丘

〒202-0005 東京都西東京市住吉町3-9-19　

PET-SPA 町田店

〒194-0022 東京都町田市森野6-28-1"
"All Scissor Finished [Small/Medium]","全シザー仕上げ 【小型・中型】","For those who want an even fluffier finish.","よりふわふわした仕上がりにしたい方へ。","550","20 minutes","","Small/Medium","PET-SPA Takanawa Store

3-13-1 Takanawa, Minato-ku, Tokyo 108-0074, Japan (Located inside the Grand Prince Hotel Shin Takanawa, along Zakurozaka Street)

PET-SPA Kotobu Suna Store [NEW OPEN! June 3, 2026]

1F, Comforia Liv Minamisunamachi East, 7-1-2 Kitasuna, Koto-ku, Tokyo 136-0073

PET-SPA Platinum Street Store

〒108-0071 5-15-1 Shirokanedai, Minato-ku, Tokyo, Forma Shirokane 2F, inside Shirokanedai Hannari

PET-SPA Komazawa Park Store

4-11-1 Yakumo, Meguro-ku, Tokyo 152-0023

PET-SPA Bajikoen Store

1F, Grand Clair Bajikoen, 1-22-23 Kamiyoga, Setagaya-ku, Tokyo 158-0098, Japan

4 & 2 Kyodo Store

3-1-20 Miyasaka, Setagaya-ku, Tokyo 156-0051

4&2 Umegaoka Store

1-43-37 Umegaoka, Setagaya-ku, Tokyo 154-0022

PET-SPA CARE+CURE Shakujii Park

1-28-7 Shakujii-cho, Nerima-ku, Tokyo 177-0041

PET-SPA Orinas Kinshicho Store

1F Orinas Kinshicho, 4-1-2 Taihei, Sumida-ku, Tokyo 130-0012

PET-SPA Chofu Sengawa Store

3-4-1 Sengawa-cho, Chofu City, Tokyo 182-0002 (Located next to Inageya Chofu Sengawa store)

PET-SPA CARE+CURE Hibarigaoka

3-9-19 Sumiyoshi-cho, Nishitokyo-shi, Tokyo 202-0005　

PET-SPA Machida Store

6-28-1 Morino, Machida City, Tokyo 194-0022","PET-SPA 高輪店

〒108-0074 東京都港区高輪3-13-1 グランドプリンスホテル新高輪内（※ざくろ坂沿い）

PET-SPA 江東北砂店【2026年6月3日 NEW OPEN！】

〒136-0073 東京都江東区北砂7-1-2 コンフォリア・リヴ南砂町イースト 1階

PET-SPA 白金プラチナ通り店

〒108-0071 東京都港区白金台5-15-1 フォルマ白金2F 白金台Hannari 内

PET-SPA 駒沢公園店

〒152-0023 東京都目黒区八雲4-11-1

4 & 2 経堂店

〒156-0051 東京都世田谷区宮坂3-1-20

４＆２梅ヶ丘店

〒154-0022 東京都世田谷区梅丘1-43-37

PET-SPA CARE+CURE 石神井公園

〒177-0041 東京都練馬区石神井町1-28-7

PET-SPA オリナス錦糸町店

〒130-0012 東京都墨田区太平4-1-2 オリナス錦糸町1F

PET-SPA 調布仙川店

〒182-0002 東京都調布市仙川町3-4-1 （いなげや調布仙川店 併設）

PET-SPA CARE+CURE ひばりヶ丘

〒202-0005 東京都西東京市住吉町3-9-19　

PET-SPA 町田店

〒194-0022 東京都町田市森野6-28-1"
"All Scissor Finished [Large]","全シザー仕上げ 【大型】","For those who want an even fluffier finish.","よりふわふわした仕上がりにしたい方へ。","1100","20 minutes","","Large","PET-SPA Takanawa Store

3-13-1 Takanawa, Minato-ku, Tokyo 108-0074, Japan (Located inside the Grand Prince Hotel Shin Takanawa, along Zakurozaka Street)

PET-SPA Kotobu Suna Store [NEW OPEN! June 3, 2026]

1F, Comforia Liv Minamisunamachi East, 7-1-2 Kitasuna, Koto-ku, Tokyo 136-0073

PET-SPA Platinum Street Store

〒108-0071 5-15-1 Shirokanedai, Minato-ku, Tokyo, Forma Shirokane 2F, inside Shirokanedai Hannari

PET-SPA Komazawa Park Store

4-11-1 Yakumo, Meguro-ku, Tokyo 152-0023

PET-SPA Bajikoen Store

1F, Grand Clair Bajikoen, 1-22-23 Kamiyoga, Setagaya-ku, Tokyo 158-0098, Japan

4 & 2 Kyodo Store

3-1-20 Miyasaka, Setagaya-ku, Tokyo 156-0051

4&2 Umegaoka Store

1-43-37 Umegaoka, Setagaya-ku, Tokyo 154-0022

PET-SPA CARE+CURE Shakujii Park

1-28-7 Shakujii-cho, Nerima-ku, Tokyo 177-0041

PET-SPA Orinas Kinshicho Store

1F Orinas Kinshicho, 4-1-2 Taihei, Sumida-ku, Tokyo 130-0012

PET-SPA Chofu Sengawa Store

3-4-1 Sengawa-cho, Chofu City, Tokyo 182-0002 (Located next to Inageya Chofu Sengawa store)

PET-SPA CARE+CURE Hibarigaoka

3-9-19 Sumiyoshi-cho, Nishitokyo-shi, Tokyo 202-0005　

PET-SPA Machida Store

6-28-1 Morino, Machida City, Tokyo 194-0022","PET-SPA 高輪店

〒108-0074 東京都港区高輪3-13-1 グランドプリンスホテル新高輪内（※ざくろ坂沿い）

PET-SPA 江東北砂店【2026年6月3日 NEW OPEN！】

〒136-0073 東京都江東区北砂7-1-2 コンフォリア・リヴ南砂町イースト 1階

PET-SPA 白金プラチナ通り店

〒108-0071 東京都港区白金台5-15-1 フォルマ白金2F 白金台Hannari 内

PET-SPA 駒沢公園店

〒152-0023 東京都目黒区八雲4-11-1

4 & 2 経堂店

〒156-0051 東京都世田谷区宮坂3-1-20

４＆２梅ヶ丘店

〒154-0022 東京都世田谷区梅丘1-43-37

PET-SPA CARE+CURE 石神井公園

〒177-0041 東京都練馬区石神井町1-28-7

PET-SPA オリナス錦糸町店

〒130-0012 東京都墨田区太平4-1-2 オリナス錦糸町1F

PET-SPA 調布仙川店

〒182-0002 東京都調布市仙川町3-4-1 （いなげや調布仙川店 併設）

PET-SPA CARE+CURE ひばりヶ丘

〒202-0005 東京都西東京市住吉町3-9-19　

PET-SPA 町田店

〒194-0022 東京都町田市森野6-28-1"
"Beard and Eyebrow Trimming [All dog breeds] ","ひげ・まゆカット【全犬種】","Trim beard and eyebrows","ひげ・まゆカット","550","10 minutes","","All","PET-SPA Takanawa Store

3-13-1 Takanawa, Minato-ku, Tokyo 108-0074, Japan (Located inside the Grand Prince Hotel Shin Takanawa, along Zakurozaka Street)

PET-SPA Kotobu Suna Store [NEW OPEN! June 3, 2026]

1F, Comforia Liv Minamisunamachi East, 7-1-2 Kitasuna, Koto-ku, Tokyo 136-0073

PET-SPA Platinum Street Store

〒108-0071 5-15-1 Shirokanedai, Minato-ku, Tokyo, Forma Shirokane 2F, inside Shirokanedai Hannari

PET-SPA Komazawa Park Store

4-11-1 Yakumo, Meguro-ku, Tokyo 152-0023

PET-SPA Bajikoen Store

1F, Grand Clair Bajikoen, 1-22-23 Kamiyoga, Setagaya-ku, Tokyo 158-0098, Japan

4 & 2 Kyodo Store

3-1-20 Miyasaka, Setagaya-ku, Tokyo 156-0051

4&2 Umegaoka Store

1-43-37 Umegaoka, Setagaya-ku, Tokyo 154-0022

PET-SPA CARE+CURE Shakujii Park

1-28-7 Shakujii-cho, Nerima-ku, Tokyo 177-0041

PET-SPA Orinas Kinshicho Store

1F Orinas Kinshicho, 4-1-2 Taihei, Sumida-ku, Tokyo 130-0012

PET-SPA Chofu Sengawa Store

3-4-1 Sengawa-cho, Chofu City, Tokyo 182-0002 (Located next to Inageya Chofu Sengawa store)

PET-SPA CARE+CURE Hibarigaoka

3-9-19 Sumiyoshi-cho, Nishitokyo-shi, Tokyo 202-0005　

PET-SPA Machida Store

6-28-1 Morino, Machida City, Tokyo 194-0022","PET-SPA 高輪店

〒108-0074 東京都港区高輪3-13-1 グランドプリンスホテル新高輪内（※ざくろ坂沿い）

PET-SPA 江東北砂店【2026年6月3日 NEW OPEN！】

〒136-0073 東京都江東区北砂7-1-2 コンフォリア・リヴ南砂町イースト 1階

PET-SPA 白金プラチナ通り店

〒108-0071 東京都港区白金台5-15-1 フォルマ白金2F 白金台Hannari 内

PET-SPA 駒沢公園店

〒152-0023 東京都目黒区八雲4-11-1

4 & 2 経堂店

〒156-0051 東京都世田谷区宮坂3-1-20

４＆２梅ヶ丘店

〒154-0022 東京都世田谷区梅丘1-43-37

PET-SPA CARE+CURE 石神井公園

〒177-0041 東京都練馬区石神井町1-28-7

PET-SPA オリナス錦糸町店

〒130-0012 東京都墨田区太平4-1-2 オリナス錦糸町1F

PET-SPA 調布仙川店

〒182-0002 東京都調布市仙川町3-4-1 （いなげや調布仙川店 併設）

PET-SPA CARE+CURE ひばりヶ丘

〒202-0005 東京都西東京市住吉町3-9-19　

PET-SPA 町田店

〒194-0022 東京都町田市森野6-28-1"
"Paw Trimmer [Small/Medium]","足先バリカン【小型・中型】","We will trim the fur until the toes are fully visible.","足の指が全体に見えるまで刈上げます。
","1100","15 minutes","","Small/Medium","PET-SPA Takanawa Store

3-13-1 Takanawa, Minato-ku, Tokyo 108-0074, Japan (Located inside the Grand Prince Hotel Shin Takanawa, along Zakurozaka Street)

PET-SPA Kotobu Suna Store [NEW OPEN! June 3, 2026]

1F, Comforia Liv Minamisunamachi East, 7-1-2 Kitasuna, Koto-ku, Tokyo 136-0073

PET-SPA Platinum Street Store

〒108-0071 5-15-1 Shirokanedai, Minato-ku, Tokyo, Forma Shirokane 2F, inside Shirokanedai Hannari

PET-SPA Komazawa Park Store

4-11-1 Yakumo, Meguro-ku, Tokyo 152-0023

PET-SPA Bajikoen Store

1F, Grand Clair Bajikoen, 1-22-23 Kamiyoga, Setagaya-ku, Tokyo 158-0098, Japan

4 & 2 Kyodo Store

3-1-20 Miyasaka, Setagaya-ku, Tokyo 156-0051

4&2 Umegaoka Store

1-43-37 Umegaoka, Setagaya-ku, Tokyo 154-0022

PET-SPA CARE+CURE Shakujii Park

1-28-7 Shakujii-cho, Nerima-ku, Tokyo 177-0041

PET-SPA Orinas Kinshicho Store

1F Orinas Kinshicho, 4-1-2 Taihei, Sumida-ku, Tokyo 130-0012

PET-SPA Chofu Sengawa Store

3-4-1 Sengawa-cho, Chofu City, Tokyo 182-0002 (Located next to Inageya Chofu Sengawa store)

PET-SPA CARE+CURE Hibarigaoka

3-9-19 Sumiyoshi-cho, Nishitokyo-shi, Tokyo 202-0005　

PET-SPA Machida Store

6-28-1 Morino, Machida City, Tokyo 194-0022","PET-SPA 高輪店

〒108-0074 東京都港区高輪3-13-1 グランドプリンスホテル新高輪内（※ざくろ坂沿い）

PET-SPA 江東北砂店【2026年6月3日 NEW OPEN！】

〒136-0073 東京都江東区北砂7-1-2 コンフォリア・リヴ南砂町イースト 1階

PET-SPA 白金プラチナ通り店

〒108-0071 東京都港区白金台5-15-1 フォルマ白金2F 白金台Hannari 内

PET-SPA 駒沢公園店

〒152-0023 東京都目黒区八雲4-11-1

4 & 2 経堂店

〒156-0051 東京都世田谷区宮坂3-1-20

４＆２梅ヶ丘店

〒154-0022 東京都世田谷区梅丘1-43-37

PET-SPA CARE+CURE 石神井公園

〒177-0041 東京都練馬区石神井町1-28-7

PET-SPA オリナス錦糸町店

〒130-0012 東京都墨田区太平4-1-2 オリナス錦糸町1F

PET-SPA 調布仙川店

〒182-0002 東京都調布市仙川町3-4-1 （いなげや調布仙川店 併設）

PET-SPA CARE+CURE ひばりヶ丘

〒202-0005 東京都西東京市住吉町3-9-19　

PET-SPA 町田店

〒194-0022 東京都町田市森野6-28-1"
"Paw Trimmer [Large]","足先バリカン【大型】","We will trim the fur until the toes are fully visible.","足の指が全体に見えるまで刈上げます。
","2200","15 minutes","","Large","PET-SPA Takanawa Store

3-13-1 Takanawa, Minato-ku, Tokyo 108-0074, Japan (Located inside the Grand Prince Hotel Shin Takanawa, along Zakurozaka Street)

PET-SPA Kotobu Suna Store [NEW OPEN! June 3, 2026]

1F, Comforia Liv Minamisunamachi East, 7-1-2 Kitasuna, Koto-ku, Tokyo 136-0073

PET-SPA Platinum Street Store

〒108-0071 5-15-1 Shirokanedai, Minato-ku, Tokyo, Forma Shirokane 2F, inside Shirokanedai Hannari

PET-SPA Komazawa Park Store

4-11-1 Yakumo, Meguro-ku, Tokyo 152-0023

PET-SPA Bajikoen Store

1F, Grand Clair Bajikoen, 1-22-23 Kamiyoga, Setagaya-ku, Tokyo 158-0098, Japan

4 & 2 Kyodo Store

3-1-20 Miyasaka, Setagaya-ku, Tokyo 156-0051

4&2 Umegaoka Store

1-43-37 Umegaoka, Setagaya-ku, Tokyo 154-0022

PET-SPA CARE+CURE Shakujii Park

1-28-7 Shakujii-cho, Nerima-ku, Tokyo 177-0041

PET-SPA Orinas Kinshicho Store

1F Orinas Kinshicho, 4-1-2 Taihei, Sumida-ku, Tokyo 130-0012

PET-SPA Chofu Sengawa Store

3-4-1 Sengawa-cho, Chofu City, Tokyo 182-0002 (Located next to Inageya Chofu Sengawa store)

PET-SPA CARE+CURE Hibarigaoka

3-9-19 Sumiyoshi-cho, Nishitokyo-shi, Tokyo 202-0005　

PET-SPA Machida Store

6-28-1 Morino, Machida City, Tokyo 194-0022","PET-SPA 高輪店

〒108-0074 東京都港区高輪3-13-1 グランドプリンスホテル新高輪内（※ざくろ坂沿い）

PET-SPA 江東北砂店【2026年6月3日 NEW OPEN！】

〒136-0073 東京都江東区北砂7-1-2 コンフォリア・リヴ南砂町イースト 1階

PET-SPA 白金プラチナ通り店

〒108-0071 東京都港区白金台5-15-1 フォルマ白金2F 白金台Hannari 内

PET-SPA 駒沢公園店

〒152-0023 東京都目黒区八雲4-11-1

4 & 2 経堂店

〒156-0051 東京都世田谷区宮坂3-1-20

４＆２梅ヶ丘店

〒154-0022 東京都世田谷区梅丘1-43-37

PET-SPA CARE+CURE 石神井公園

〒177-0041 東京都練馬区石神井町1-28-7

PET-SPA オリナス錦糸町店

〒130-0012 東京都墨田区太平4-1-2 オリナス錦糸町1F

PET-SPA 調布仙川店

〒182-0002 東京都調布市仙川町3-4-1 （いなげや調布仙川店 併設）

PET-SPA CARE+CURE ひばりヶ丘

〒202-0005 東京都西東京市住吉町3-9-19　

PET-SPA 町田店

〒194-0022 東京都町田市森野6-28-1"
"Point Cut - Forelegs(2) [Small/Medium]","ポイントカット 前足(2本)【小型・中型】","For those who want to adjust the length or volume of specific areas.
*Point cuts are an optional service that can only be added when using the Shampoo Course"" or ""Quick Shampoo"" service""","気になる部分の長さやボリュームを調整したい方へ。
※ポイントカットは、「シャンプーコース」または「クイックシャンプー」をご利用の際にのみ追加できるオプションです。","550","10 minutes","","Small/Medium","PET-SPA Takanawa Store

3-13-1 Takanawa, Minato-ku, Tokyo 108-0074, Japan (Located inside the Grand Prince Hotel Shin Takanawa, along Zakurozaka Street)

PET-SPA Kotobu Suna Store [NEW OPEN! June 3, 2026]

1F, Comforia Liv Minamisunamachi East, 7-1-2 Kitasuna, Koto-ku, Tokyo 136-0073

PET-SPA Platinum Street Store

〒108-0071 5-15-1 Shirokanedai, Minato-ku, Tokyo, Forma Shirokane 2F, inside Shirokanedai Hannari

PET-SPA Komazawa Park Store

4-11-1 Yakumo, Meguro-ku, Tokyo 152-0023

PET-SPA Bajikoen Store

1F, Grand Clair Bajikoen, 1-22-23 Kamiyoga, Setagaya-ku, Tokyo 158-0098, Japan

4 & 2 Kyodo Store

3-1-20 Miyasaka, Setagaya-ku, Tokyo 156-0051

4&2 Umegaoka Store

1-43-37 Umegaoka, Setagaya-ku, Tokyo 154-0022

PET-SPA CARE+CURE Shakujii Park

1-28-7 Shakujii-cho, Nerima-ku, Tokyo 177-0041

PET-SPA Orinas Kinshicho Store

1F Orinas Kinshicho, 4-1-2 Taihei, Sumida-ku, Tokyo 130-0012

PET-SPA Chofu Sengawa Store

3-4-1 Sengawa-cho, Chofu City, Tokyo 182-0002 (Located next to Inageya Chofu Sengawa store)

PET-SPA CARE+CURE Hibarigaoka

3-9-19 Sumiyoshi-cho, Nishitokyo-shi, Tokyo 202-0005　

PET-SPA Machida Store

6-28-1 Morino, Machida City, Tokyo 194-0022","PET-SPA 高輪店

〒108-0074 東京都港区高輪3-13-1 グランドプリンスホテル新高輪内（※ざくろ坂沿い）

PET-SPA 江東北砂店【2026年6月3日 NEW OPEN！】

〒136-0073 東京都江東区北砂7-1-2 コンフォリア・リヴ南砂町イースト 1階

PET-SPA 白金プラチナ通り店

〒108-0071 東京都港区白金台5-15-1 フォルマ白金2F 白金台Hannari 内

PET-SPA 駒沢公園店

〒152-0023 東京都目黒区八雲4-11-1

4 & 2 経堂店

〒156-0051 東京都世田谷区宮坂3-1-20

４＆２梅ヶ丘店

〒154-0022 東京都世田谷区梅丘1-43-37

PET-SPA CARE+CURE 石神井公園

〒177-0041 東京都練馬区石神井町1-28-7

PET-SPA オリナス錦糸町店

〒130-0012 東京都墨田区太平4-1-2 オリナス錦糸町1F

PET-SPA 調布仙川店

〒182-0002 東京都調布市仙川町3-4-1 （いなげや調布仙川店 併設）

PET-SPA CARE+CURE ひばりヶ丘

〒202-0005 東京都西東京市住吉町3-9-19　

PET-SPA 町田店

〒194-0022 東京都町田市森野6-28-1"
"Point Cut - Forelegs(2) [Large]","ポイントカット 前足(2本)【大型】","For those who want to adjust the length or volume of specific areas.
*Point cuts are an optional service that can only be added when using the Shampoo Course"" or ""Quick Shampoo"" service""","気になる部分の長さやボリュームを調整したい方へ。
※ポイントカットは、「シャンプーコース」または「クイックシャンプー」をご利用の際にのみ追加できるオプションです。","1100","10 minutes","","Large","PET-SPA Takanawa Store

3-13-1 Takanawa, Minato-ku, Tokyo 108-0074, Japan (Located inside the Grand Prince Hotel Shin Takanawa, along Zakurozaka Street)

PET-SPA Kotobu Suna Store [NEW OPEN! June 3, 2026]

1F, Comforia Liv Minamisunamachi East, 7-1-2 Kitasuna, Koto-ku, Tokyo 136-0073

PET-SPA Platinum Street Store

〒108-0071 5-15-1 Shirokanedai, Minato-ku, Tokyo, Forma Shirokane 2F, inside Shirokanedai Hannari

PET-SPA Komazawa Park Store

4-11-1 Yakumo, Meguro-ku, Tokyo 152-0023

PET-SPA Bajikoen Store

1F, Grand Clair Bajikoen, 1-22-23 Kamiyoga, Setagaya-ku, Tokyo 158-0098, Japan

4 & 2 Kyodo Store

3-1-20 Miyasaka, Setagaya-ku, Tokyo 156-0051

4&2 Umegaoka Store

1-43-37 Umegaoka, Setagaya-ku, Tokyo 154-0022

PET-SPA CARE+CURE Shakujii Park

1-28-7 Shakujii-cho, Nerima-ku, Tokyo 177-0041

PET-SPA Orinas Kinshicho Store

1F Orinas Kinshicho, 4-1-2 Taihei, Sumida-ku, Tokyo 130-0012

PET-SPA Chofu Sengawa Store

3-4-1 Sengawa-cho, Chofu City, Tokyo 182-0002 (Located next to Inageya Chofu Sengawa store)

PET-SPA CARE+CURE Hibarigaoka

3-9-19 Sumiyoshi-cho, Nishitokyo-shi, Tokyo 202-0005　

PET-SPA Machida Store

6-28-1 Morino, Machida City, Tokyo 194-0022","PET-SPA 高輪店

〒108-0074 東京都港区高輪3-13-1 グランドプリンスホテル新高輪内（※ざくろ坂沿い）

PET-SPA 江東北砂店【2026年6月3日 NEW OPEN！】

〒136-0073 東京都江東区北砂7-1-2 コンフォリア・リヴ南砂町イースト 1階

PET-SPA 白金プラチナ通り店

〒108-0071 東京都港区白金台5-15-1 フォルマ白金2F 白金台Hannari 内

PET-SPA 駒沢公園店

〒152-0023 東京都目黒区八雲4-11-1

4 & 2 経堂店

〒156-0051 東京都世田谷区宮坂3-1-20

４＆２梅ヶ丘店

〒154-0022 東京都世田谷区梅丘1-43-37

PET-SPA CARE+CURE 石神井公園

〒177-0041 東京都練馬区石神井町1-28-7

PET-SPA オリナス錦糸町店

〒130-0012 東京都墨田区太平4-1-2 オリナス錦糸町1F

PET-SPA 調布仙川店

〒182-0002 東京都調布市仙川町3-4-1 （いなげや調布仙川店 併設）

PET-SPA CARE+CURE ひばりヶ丘

〒202-0005 東京都西東京市住吉町3-9-19　

PET-SPA 町田店

〒194-0022 東京都町田市森野6-28-1"
"Point Cut - Hind Legs(2) [Small/Medium]","ポイントカット 後足(2本)【小型・中型】","Point cut hind legs","後足ポイントカット","550","10 minutes","","Small/Medium","PET-SPA Takanawa Store

3-13-1 Takanawa, Minato-ku, Tokyo 108-0074, Japan (Located inside the Grand Prince Hotel Shin Takanawa, along Zakurozaka Street)

PET-SPA Kotobu Suna Store [NEW OPEN! June 3, 2026]

1F, Comforia Liv Minamisunamachi East, 7-1-2 Kitasuna, Koto-ku, Tokyo 136-0073

PET-SPA Platinum Street Store

〒108-0071 5-15-1 Shirokanedai, Minato-ku, Tokyo, Forma Shirokane 2F, inside Shirokanedai Hannari

PET-SPA Komazawa Park Store

4-11-1 Yakumo, Meguro-ku, Tokyo 152-0023

PET-SPA Bajikoen Store

1F, Grand Clair Bajikoen, 1-22-23 Kamiyoga, Setagaya-ku, Tokyo 158-0098, Japan

4 & 2 Kyodo Store

3-1-20 Miyasaka, Setagaya-ku, Tokyo 156-0051

4&2 Umegaoka Store

1-43-37 Umegaoka, Setagaya-ku, Tokyo 154-0022

PET-SPA CARE+CURE Shakujii Park

1-28-7 Shakujii-cho, Nerima-ku, Tokyo 177-0041

PET-SPA Orinas Kinshicho Store

1F Orinas Kinshicho, 4-1-2 Taihei, Sumida-ku, Tokyo 130-0012

PET-SPA Chofu Sengawa Store

3-4-1 Sengawa-cho, Chofu City, Tokyo 182-0002 (Located next to Inageya Chofu Sengawa store)

PET-SPA CARE+CURE Hibarigaoka

3-9-19 Sumiyoshi-cho, Nishitokyo-shi, Tokyo 202-0005　

PET-SPA Machida Store

6-28-1 Morino, Machida City, Tokyo 194-0022","PET-SPA 高輪店

〒108-0074 東京都港区高輪3-13-1 グランドプリンスホテル新高輪内（※ざくろ坂沿い）

PET-SPA 江東北砂店【2026年6月3日 NEW OPEN！】

〒136-0073 東京都江東区北砂7-1-2 コンフォリア・リヴ南砂町イースト 1階

PET-SPA 白金プラチナ通り店

〒108-0071 東京都港区白金台5-15-1 フォルマ白金2F 白金台Hannari 内

PET-SPA 駒沢公園店

〒152-0023 東京都目黒区八雲4-11-1

4 & 2 経堂店

〒156-0051 東京都世田谷区宮坂3-1-20

４＆２梅ヶ丘店

〒154-0022 東京都世田谷区梅丘1-43-37

PET-SPA CARE+CURE 石神井公園

〒177-0041 東京都練馬区石神井町1-28-7

PET-SPA オリナス錦糸町店

〒130-0012 東京都墨田区太平4-1-2 オリナス錦糸町1F

PET-SPA 調布仙川店

〒182-0002 東京都調布市仙川町3-4-1 （いなげや調布仙川店 併設）

PET-SPA CARE+CURE ひばりヶ丘

〒202-0005 東京都西東京市住吉町3-9-19　

PET-SPA 町田店

〒194-0022 東京都町田市森野6-28-1"
"Point Cut - Hind Legs(2) [Large]","ポイントカット 後足(2本)【大型】","Point cut hind legs","後足ポイントカット","1100","10 minutes","","Large","PET-SPA Takanawa Store

3-13-1 Takanawa, Minato-ku, Tokyo 108-0074, Japan (Located inside the Grand Prince Hotel Shin Takanawa, along Zakurozaka Street)

PET-SPA Kotobu Suna Store [NEW OPEN! June 3, 2026]

1F, Comforia Liv Minamisunamachi East, 7-1-2 Kitasuna, Koto-ku, Tokyo 136-0073

PET-SPA Platinum Street Store

〒108-0071 5-15-1 Shirokanedai, Minato-ku, Tokyo, Forma Shirokane 2F, inside Shirokanedai Hannari

PET-SPA Komazawa Park Store

4-11-1 Yakumo, Meguro-ku, Tokyo 152-0023

PET-SPA Bajikoen Store

1F, Grand Clair Bajikoen, 1-22-23 Kamiyoga, Setagaya-ku, Tokyo 158-0098, Japan

4 & 2 Kyodo Store

3-1-20 Miyasaka, Setagaya-ku, Tokyo 156-0051

4&2 Umegaoka Store

1-43-37 Umegaoka, Setagaya-ku, Tokyo 154-0022

PET-SPA CARE+CURE Shakujii Park

1-28-7 Shakujii-cho, Nerima-ku, Tokyo 177-0041

PET-SPA Orinas Kinshicho Store

1F Orinas Kinshicho, 4-1-2 Taihei, Sumida-ku, Tokyo 130-0012

PET-SPA Chofu Sengawa Store

3-4-1 Sengawa-cho, Chofu City, Tokyo 182-0002 (Located next to Inageya Chofu Sengawa store)

PET-SPA CARE+CURE Hibarigaoka

3-9-19 Sumiyoshi-cho, Nishitokyo-shi, Tokyo 202-0005　

PET-SPA Machida Store

6-28-1 Morino, Machida City, Tokyo 194-0022","PET-SPA 高輪店

〒108-0074 東京都港区高輪3-13-1 グランドプリンスホテル新高輪内（※ざくろ坂沿い）

PET-SPA 江東北砂店【2026年6月3日 NEW OPEN！】

〒136-0073 東京都江東区北砂7-1-2 コンフォリア・リヴ南砂町イースト 1階

PET-SPA 白金プラチナ通り店

〒108-0071 東京都港区白金台5-15-1 フォルマ白金2F 白金台Hannari 内

PET-SPA 駒沢公園店

〒152-0023 東京都目黒区八雲4-11-1

4 & 2 経堂店

〒156-0051 東京都世田谷区宮坂3-1-20

４＆２梅ヶ丘店

〒154-0022 東京都世田谷区梅丘1-43-37

PET-SPA CARE+CURE 石神井公園

〒177-0041 東京都練馬区石神井町1-28-7

PET-SPA オリナス錦糸町店

〒130-0012 東京都墨田区太平4-1-2 オリナス錦糸町1F

PET-SPA 調布仙川店

〒182-0002 東京都調布市仙川町3-4-1 （いなげや調布仙川店 併設）

PET-SPA CARE+CURE ひばりヶ丘

〒202-0005 東京都西東京市住吉町3-9-19　

PET-SPA 町田店

〒194-0022 東京都町田市森野6-28-1"
"Point Cut - Rear End [Small/Medium]","ポイントカット お尻【小型・中型】","Point cut rear end","お尻ポイントカット","550","10 minutes","","Small/Medium","PET-SPA Takanawa Store

3-13-1 Takanawa, Minato-ku, Tokyo 108-0074, Japan (Located inside the Grand Prince Hotel Shin Takanawa, along Zakurozaka Street)

PET-SPA Kotobu Suna Store [NEW OPEN! June 3, 2026]

1F, Comforia Liv Minamisunamachi East, 7-1-2 Kitasuna, Koto-ku, Tokyo 136-0073

PET-SPA Platinum Street Store

〒108-0071 5-15-1 Shirokanedai, Minato-ku, Tokyo, Forma Shirokane 2F, inside Shirokanedai Hannari

PET-SPA Komazawa Park Store

4-11-1 Yakumo, Meguro-ku, Tokyo 152-0023

PET-SPA Bajikoen Store

1F, Grand Clair Bajikoen, 1-22-23 Kamiyoga, Setagaya-ku, Tokyo 158-0098, Japan

4 & 2 Kyodo Store

3-1-20 Miyasaka, Setagaya-ku, Tokyo 156-0051

4&2 Umegaoka Store

1-43-37 Umegaoka, Setagaya-ku, Tokyo 154-0022

PET-SPA CARE+CURE Shakujii Park

1-28-7 Shakujii-cho, Nerima-ku, Tokyo 177-0041

PET-SPA Orinas Kinshicho Store

1F Orinas Kinshicho, 4-1-2 Taihei, Sumida-ku, Tokyo 130-0012

PET-SPA Chofu Sengawa Store

3-4-1 Sengawa-cho, Chofu City, Tokyo 182-0002 (Located next to Inageya Chofu Sengawa store)

PET-SPA CARE+CURE Hibarigaoka

3-9-19 Sumiyoshi-cho, Nishitokyo-shi, Tokyo 202-0005　

PET-SPA Machida Store

6-28-1 Morino, Machida City, Tokyo 194-0022","PET-SPA 高輪店

〒108-0074 東京都港区高輪3-13-1 グランドプリンスホテル新高輪内（※ざくろ坂沿い）

PET-SPA 江東北砂店【2026年6月3日 NEW OPEN！】

〒136-0073 東京都江東区北砂7-1-2 コンフォリア・リヴ南砂町イースト 1階

PET-SPA 白金プラチナ通り店

〒108-0071 東京都港区白金台5-15-1 フォルマ白金2F 白金台Hannari 内

PET-SPA 駒沢公園店

〒152-0023 東京都目黒区八雲4-11-1

4 & 2 経堂店

〒156-0051 東京都世田谷区宮坂3-1-20

４＆２梅ヶ丘店

〒154-0022 東京都世田谷区梅丘1-43-37

PET-SPA CARE+CURE 石神井公園

〒177-0041 東京都練馬区石神井町1-28-7

PET-SPA オリナス錦糸町店

〒130-0012 東京都墨田区太平4-1-2 オリナス錦糸町1F

PET-SPA 調布仙川店

〒182-0002 東京都調布市仙川町3-4-1 （いなげや調布仙川店 併設）

PET-SPA CARE+CURE ひばりヶ丘

〒202-0005 東京都西東京市住吉町3-9-19　

PET-SPA 町田店

〒194-0022 東京都町田市森野6-28-1"
"Point Cut - Rear End [Large]","ポイントカット お尻【大型】","Point cut rear end","お尻ポイントカット","1100","10 minutes","","Large","PET-SPA Takanawa Store

3-13-1 Takanawa, Minato-ku, Tokyo 108-0074, Japan (Located inside the Grand Prince Hotel Shin Takanawa, along Zakurozaka Street)

PET-SPA Kotobu Suna Store [NEW OPEN! June 3, 2026]

1F, Comforia Liv Minamisunamachi East, 7-1-2 Kitasuna, Koto-ku, Tokyo 136-0073

PET-SPA Platinum Street Store

〒108-0071 5-15-1 Shirokanedai, Minato-ku, Tokyo, Forma Shirokane 2F, inside Shirokanedai Hannari

PET-SPA Komazawa Park Store

4-11-1 Yakumo, Meguro-ku, Tokyo 152-0023

PET-SPA Bajikoen Store

1F, Grand Clair Bajikoen, 1-22-23 Kamiyoga, Setagaya-ku, Tokyo 158-0098, Japan

4 & 2 Kyodo Store

3-1-20 Miyasaka, Setagaya-ku, Tokyo 156-0051

4&2 Umegaoka Store

1-43-37 Umegaoka, Setagaya-ku, Tokyo 154-0022

PET-SPA CARE+CURE Shakujii Park

1-28-7 Shakujii-cho, Nerima-ku, Tokyo 177-0041

PET-SPA Orinas Kinshicho Store

1F Orinas Kinshicho, 4-1-2 Taihei, Sumida-ku, Tokyo 130-0012

PET-SPA Chofu Sengawa Store

3-4-1 Sengawa-cho, Chofu City, Tokyo 182-0002 (Located next to Inageya Chofu Sengawa store)

PET-SPA CARE+CURE Hibarigaoka

3-9-19 Sumiyoshi-cho, Nishitokyo-shi, Tokyo 202-0005　

PET-SPA Machida Store

6-28-1 Morino, Machida City, Tokyo 194-0022","PET-SPA 高輪店

〒108-0074 東京都港区高輪3-13-1 グランドプリンスホテル新高輪内（※ざくろ坂沿い）

PET-SPA 江東北砂店【2026年6月3日 NEW OPEN！】

〒136-0073 東京都江東区北砂7-1-2 コンフォリア・リヴ南砂町イースト 1階

PET-SPA 白金プラチナ通り店

〒108-0071 東京都港区白金台5-15-1 フォルマ白金2F 白金台Hannari 内

PET-SPA 駒沢公園店

〒152-0023 東京都目黒区八雲4-11-1

4 & 2 経堂店

〒156-0051 東京都世田谷区宮坂3-1-20

４＆２梅ヶ丘店

〒154-0022 東京都世田谷区梅丘1-43-37

PET-SPA CARE+CURE 石神井公園

〒177-0041 東京都練馬区石神井町1-28-7

PET-SPA オリナス錦糸町店

〒130-0012 東京都墨田区太平4-1-2 オリナス錦糸町1F

PET-SPA 調布仙川店

〒182-0002 東京都調布市仙川町3-4-1 （いなげや調布仙川店 併設）

PET-SPA CARE+CURE ひばりヶ丘

〒202-0005 東京都西東京市住吉町3-9-19　

PET-SPA 町田店

〒194-0022 東京都町田市森野6-28-1"
"Point Cut - Face [Small/Medium]","ポイントカット 顔【小型・中型】","Point cut face","顔ポイントカット","1100","10 minutes","","Small/Medium","PET-SPA Takanawa Store

3-13-1 Takanawa, Minato-ku, Tokyo 108-0074, Japan (Located inside the Grand Prince Hotel Shin Takanawa, along Zakurozaka Street)

PET-SPA Kotobu Suna Store [NEW OPEN! June 3, 2026]

1F, Comforia Liv Minamisunamachi East, 7-1-2 Kitasuna, Koto-ku, Tokyo 136-0073

PET-SPA Platinum Street Store

〒108-0071 5-15-1 Shirokanedai, Minato-ku, Tokyo, Forma Shirokane 2F, inside Shirokanedai Hannari

PET-SPA Komazawa Park Store

4-11-1 Yakumo, Meguro-ku, Tokyo 152-0023

PET-SPA Bajikoen Store

1F, Grand Clair Bajikoen, 1-22-23 Kamiyoga, Setagaya-ku, Tokyo 158-0098, Japan

4 & 2 Kyodo Store

3-1-20 Miyasaka, Setagaya-ku, Tokyo 156-0051

4&2 Umegaoka Store

1-43-37 Umegaoka, Setagaya-ku, Tokyo 154-0022

PET-SPA CARE+CURE Shakujii Park

1-28-7 Shakujii-cho, Nerima-ku, Tokyo 177-0041

PET-SPA Orinas Kinshicho Store

1F Orinas Kinshicho, 4-1-2 Taihei, Sumida-ku, Tokyo 130-0012

PET-SPA Chofu Sengawa Store

3-4-1 Sengawa-cho, Chofu City, Tokyo 182-0002 (Located next to Inageya Chofu Sengawa store)

PET-SPA CARE+CURE Hibarigaoka

3-9-19 Sumiyoshi-cho, Nishitokyo-shi, Tokyo 202-0005　

PET-SPA Machida Store

6-28-1 Morino, Machida City, Tokyo 194-0022","PET-SPA 高輪店

〒108-0074 東京都港区高輪3-13-1 グランドプリンスホテル新高輪内（※ざくろ坂沿い）

PET-SPA 江東北砂店【2026年6月3日 NEW OPEN！】

〒136-0073 東京都江東区北砂7-1-2 コンフォリア・リヴ南砂町イースト 1階

PET-SPA 白金プラチナ通り店

〒108-0071 東京都港区白金台5-15-1 フォルマ白金2F 白金台Hannari 内

PET-SPA 駒沢公園店

〒152-0023 東京都目黒区八雲4-11-1

4 & 2 経堂店

〒156-0051 東京都世田谷区宮坂3-1-20

４＆２梅ヶ丘店

〒154-0022 東京都世田谷区梅丘1-43-37

PET-SPA CARE+CURE 石神井公園

〒177-0041 東京都練馬区石神井町1-28-7

PET-SPA オリナス錦糸町店

〒130-0012 東京都墨田区太平4-1-2 オリナス錦糸町1F

PET-SPA 調布仙川店

〒182-0002 東京都調布市仙川町3-4-1 （いなげや調布仙川店 併設）

PET-SPA CARE+CURE ひばりヶ丘

〒202-0005 東京都西東京市住吉町3-9-19　

PET-SPA 町田店

〒194-0022 東京都町田市森野6-28-1"
"Point Cut - Face [Large]","ポイントカット 顔【大型】","Point cut face","顔ポイントカット","2200","10 minutes","","Large","PET-SPA Takanawa Store

3-13-1 Takanawa, Minato-ku, Tokyo 108-0074, Japan (Located inside the Grand Prince Hotel Shin Takanawa, along Zakurozaka Street)

PET-SPA Kotobu Suna Store [NEW OPEN! June 3, 2026]

1F, Comforia Liv Minamisunamachi East, 7-1-2 Kitasuna, Koto-ku, Tokyo 136-0073

PET-SPA Platinum Street Store

〒108-0071 5-15-1 Shirokanedai, Minato-ku, Tokyo, Forma Shirokane 2F, inside Shirokanedai Hannari

PET-SPA Komazawa Park Store

4-11-1 Yakumo, Meguro-ku, Tokyo 152-0023

PET-SPA Bajikoen Store

1F, Grand Clair Bajikoen, 1-22-23 Kamiyoga, Setagaya-ku, Tokyo 158-0098, Japan

4 & 2 Kyodo Store

3-1-20 Miyasaka, Setagaya-ku, Tokyo 156-0051

4&2 Umegaoka Store

1-43-37 Umegaoka, Setagaya-ku, Tokyo 154-0022

PET-SPA CARE+CURE Shakujii Park

1-28-7 Shakujii-cho, Nerima-ku, Tokyo 177-0041

PET-SPA Orinas Kinshicho Store

1F Orinas Kinshicho, 4-1-2 Taihei, Sumida-ku, Tokyo 130-0012

PET-SPA Chofu Sengawa Store

3-4-1 Sengawa-cho, Chofu City, Tokyo 182-0002 (Located next to Inageya Chofu Sengawa store)

PET-SPA CARE+CURE Hibarigaoka

3-9-19 Sumiyoshi-cho, Nishitokyo-shi, Tokyo 202-0005　

PET-SPA Machida Store

6-28-1 Morino, Machida City, Tokyo 194-0022","PET-SPA 高輪店

〒108-0074 東京都港区高輪3-13-1 グランドプリンスホテル新高輪内（※ざくろ坂沿い）

PET-SPA 江東北砂店【2026年6月3日 NEW OPEN！】

〒136-0073 東京都江東区北砂7-1-2 コンフォリア・リヴ南砂町イースト 1階

PET-SPA 白金プラチナ通り店

〒108-0071 東京都港区白金台5-15-1 フォルマ白金2F 白金台Hannari 内

PET-SPA 駒沢公園店

〒152-0023 東京都目黒区八雲4-11-1

4 & 2 経堂店

〒156-0051 東京都世田谷区宮坂3-1-20

４＆２梅ヶ丘店

〒154-0022 東京都世田谷区梅丘1-43-37

PET-SPA CARE+CURE 石神井公園

〒177-0041 東京都練馬区石神井町1-28-7

PET-SPA オリナス錦糸町店

〒130-0012 東京都墨田区太平4-1-2 オリナス錦糸町1F

PET-SPA 調布仙川店

〒182-0002 東京都調布市仙川町3-4-1 （いなげや調布仙川店 併設）

PET-SPA CARE+CURE ひばりヶ丘

〒202-0005 東京都西東京市住吉町3-9-19　

PET-SPA 町田店

〒194-0022 東京都町田市森野6-28-1"
"Point Cut - Ears + Face [Small/Medium]","ポイントカット 耳+顔【小型・中型】","Point cut ears and face","耳+顔ポイントカット","1650","10 minutes","","Small/Medium","PET-SPA Takanawa Store

3-13-1 Takanawa, Minato-ku, Tokyo 108-0074, Japan (Located inside the Grand Prince Hotel Shin Takanawa, along Zakurozaka Street)

PET-SPA Kotobu Suna Store [NEW OPEN! June 3, 2026]

1F, Comforia Liv Minamisunamachi East, 7-1-2 Kitasuna, Koto-ku, Tokyo 136-0073

PET-SPA Platinum Street Store

〒108-0071 5-15-1 Shirokanedai, Minato-ku, Tokyo, Forma Shirokane 2F, inside Shirokanedai Hannari

PET-SPA Komazawa Park Store

4-11-1 Yakumo, Meguro-ku, Tokyo 152-0023

PET-SPA Bajikoen Store

1F, Grand Clair Bajikoen, 1-22-23 Kamiyoga, Setagaya-ku, Tokyo 158-0098, Japan

4 & 2 Kyodo Store

3-1-20 Miyasaka, Setagaya-ku, Tokyo 156-0051

4&2 Umegaoka Store

1-43-37 Umegaoka, Setagaya-ku, Tokyo 154-0022

PET-SPA CARE+CURE Shakujii Park

1-28-7 Shakujii-cho, Nerima-ku, Tokyo 177-0041

PET-SPA Orinas Kinshicho Store

1F Orinas Kinshicho, 4-1-2 Taihei, Sumida-ku, Tokyo 130-0012

PET-SPA Chofu Sengawa Store

3-4-1 Sengawa-cho, Chofu City, Tokyo 182-0002 (Located next to Inageya Chofu Sengawa store)

PET-SPA CARE+CURE Hibarigaoka

3-9-19 Sumiyoshi-cho, Nishitokyo-shi, Tokyo 202-0005　

PET-SPA Machida Store

6-28-1 Morino, Machida City, Tokyo 194-0022","PET-SPA 高輪店

〒108-0074 東京都港区高輪3-13-1 グランドプリンスホテル新高輪内（※ざくろ坂沿い）

PET-SPA 江東北砂店【2026年6月3日 NEW OPEN！】

〒136-0073 東京都江東区北砂7-1-2 コンフォリア・リヴ南砂町イースト 1階

PET-SPA 白金プラチナ通り店

〒108-0071 東京都港区白金台5-15-1 フォルマ白金2F 白金台Hannari 内

PET-SPA 駒沢公園店

〒152-0023 東京都目黒区八雲4-11-1

4 & 2 経堂店

〒156-0051 東京都世田谷区宮坂3-1-20

４＆２梅ヶ丘店

〒154-0022 東京都世田谷区梅丘1-43-37

PET-SPA CARE+CURE 石神井公園

〒177-0041 東京都練馬区石神井町1-28-7

PET-SPA オリナス錦糸町店

〒130-0012 東京都墨田区太平4-1-2 オリナス錦糸町1F

PET-SPA 調布仙川店

〒182-0002 東京都調布市仙川町3-4-1 （いなげや調布仙川店 併設）

PET-SPA CARE+CURE ひばりヶ丘

〒202-0005 東京都西東京市住吉町3-9-19　

PET-SPA 町田店

〒194-0022 東京都町田市森野6-28-1"
"Point Cut - Ears + Face [Large]","ポイントカット 耳+顔【大型】","Point cut ears and face","耳+顔ポイントカット","3300","10 minutes","","Large","PET-SPA Takanawa Store

3-13-1 Takanawa, Minato-ku, Tokyo 108-0074, Japan (Located inside the Grand Prince Hotel Shin Takanawa, along Zakurozaka Street)

PET-SPA Kotobu Suna Store [NEW OPEN! June 3, 2026]

1F, Comforia Liv Minamisunamachi East, 7-1-2 Kitasuna, Koto-ku, Tokyo 136-0073

PET-SPA Platinum Street Store

〒108-0071 5-15-1 Shirokanedai, Minato-ku, Tokyo, Forma Shirokane 2F, inside Shirokanedai Hannari

PET-SPA Komazawa Park Store

4-11-1 Yakumo, Meguro-ku, Tokyo 152-0023

PET-SPA Bajikoen Store

1F, Grand Clair Bajikoen, 1-22-23 Kamiyoga, Setagaya-ku, Tokyo 158-0098, Japan

4 & 2 Kyodo Store

3-1-20 Miyasaka, Setagaya-ku, Tokyo 156-0051

4&2 Umegaoka Store

1-43-37 Umegaoka, Setagaya-ku, Tokyo 154-0022

PET-SPA CARE+CURE Shakujii Park

1-28-7 Shakujii-cho, Nerima-ku, Tokyo 177-0041

PET-SPA Orinas Kinshicho Store

1F Orinas Kinshicho, 4-1-2 Taihei, Sumida-ku, Tokyo 130-0012

PET-SPA Chofu Sengawa Store

3-4-1 Sengawa-cho, Chofu City, Tokyo 182-0002 (Located next to Inageya Chofu Sengawa store)

PET-SPA CARE+CURE Hibarigaoka

3-9-19 Sumiyoshi-cho, Nishitokyo-shi, Tokyo 202-0005　

PET-SPA Machida Store

6-28-1 Morino, Machida City, Tokyo 194-0022","PET-SPA 高輪店

〒108-0074 東京都港区高輪3-13-1 グランドプリンスホテル新高輪内（※ざくろ坂沿い）

PET-SPA 江東北砂店【2026年6月3日 NEW OPEN！】

〒136-0073 東京都江東区北砂7-1-2 コンフォリア・リヴ南砂町イースト 1階

PET-SPA 白金プラチナ通り店

〒108-0071 東京都港区白金台5-15-1 フォルマ白金2F 白金台Hannari 内

PET-SPA 駒沢公園店

〒152-0023 東京都目黒区八雲4-11-1

4 & 2 経堂店

〒156-0051 東京都世田谷区宮坂3-1-20

４＆２梅ヶ丘店

〒154-0022 東京都世田谷区梅丘1-43-37

PET-SPA CARE+CURE 石神井公園

〒177-0041 東京都練馬区石神井町1-28-7

PET-SPA オリナス錦糸町店

〒130-0012 東京都墨田区太平4-1-2 オリナス錦糸町1F

PET-SPA 調布仙川店

〒182-0002 東京都調布市仙川町3-4-1 （いなげや調布仙川店 併設）

PET-SPA CARE+CURE ひばりヶ丘

〒202-0005 東京都西東京市住吉町3-9-19　

PET-SPA 町田店

〒194-0022 東京都町田市森野6-28-1"
"Blow Drying and Brushing [per 10 minutes]","ブロー・ブラッシング【10分単位】","Blow drying and brushing","ブロー・ブラッシング","1100","10 minutes","","All","PET-SPA Takanawa Store

3-13-1 Takanawa, Minato-ku, Tokyo 108-0074, Japan (Located inside the Grand Prince Hotel Shin Takanawa, along Zakurozaka Street)

PET-SPA Kotobu Suna Store [NEW OPEN! June 3, 2026]

1F, Comforia Liv Minamisunamachi East, 7-1-2 Kitasuna, Koto-ku, Tokyo 136-0073

PET-SPA Platinum Street Store

〒108-0071 5-15-1 Shirokanedai, Minato-ku, Tokyo, Forma Shirokane 2F, inside Shirokanedai Hannari

PET-SPA Komazawa Park Store

4-11-1 Yakumo, Meguro-ku, Tokyo 152-0023

PET-SPA Bajikoen Store

1F, Grand Clair Bajikoen, 1-22-23 Kamiyoga, Setagaya-ku, Tokyo 158-0098, Japan

4 & 2 Kyodo Store

3-1-20 Miyasaka, Setagaya-ku, Tokyo 156-0051

4&2 Umegaoka Store

1-43-37 Umegaoka, Setagaya-ku, Tokyo 154-0022

PET-SPA CARE+CURE Shakujii Park

1-28-7 Shakujii-cho, Nerima-ku, Tokyo 177-0041

PET-SPA Orinas Kinshicho Store

1F Orinas Kinshicho, 4-1-2 Taihei, Sumida-ku, Tokyo 130-0012

PET-SPA Chofu Sengawa Store

3-4-1 Sengawa-cho, Chofu City, Tokyo 182-0002 (Located next to Inageya Chofu Sengawa store)

PET-SPA CARE+CURE Hibarigaoka

3-9-19 Sumiyoshi-cho, Nishitokyo-shi, Tokyo 202-0005　

PET-SPA Machida Store

6-28-1 Morino, Machida City, Tokyo 194-0022","PET-SPA 高輪店

〒108-0074 東京都港区高輪3-13-1 グランドプリンスホテル新高輪内（※ざくろ坂沿い）

PET-SPA 江東北砂店【2026年6月3日 NEW OPEN！】

〒136-0073 東京都江東区北砂7-1-2 コンフォリア・リヴ南砂町イースト 1階

PET-SPA 白金プラチナ通り店

〒108-0071 東京都港区白金台5-15-1 フォルマ白金2F 白金台Hannari 内

PET-SPA 駒沢公園店

〒152-0023 東京都目黒区八雲4-11-1

4 & 2 経堂店

〒156-0051 東京都世田谷区宮坂3-1-20

４＆２梅ヶ丘店

〒154-0022 東京都世田谷区梅丘1-43-37

PET-SPA CARE+CURE 石神井公園

〒177-0041 東京都練馬区石神井町1-28-7

PET-SPA オリナス錦糸町店

〒130-0012 東京都墨田区太平4-1-2 オリナス錦糸町1F

PET-SPA 調布仙川店

〒182-0002 東京都調布市仙川町3-4-1 （いなげや調布仙川店 併設）

PET-SPA CARE+CURE ひばりヶ丘

〒202-0005 東京都西東京市住吉町3-9-19　

PET-SPA 町田店

〒194-0022 東京都町田市森野6-28-1"